url,title,salary,description,location,site,strategy,discovered_at,full_description,application_url,detail_scraped_at,detail_error,fit_score,score_reasoning,scored_at,tailored_resume_path,tailored_at,tailor_attempts,cover_letter_path,cover_letter_at,cover_attempts,applied_at,apply_status,apply_error,apply_attempts,agent_id,last_attempted_at,apply_duration_ms,apply_task_id,verification_confidence,application_details,greenhouse_api_url,application_schema,application_prepopulated
https://job-boards.eu.greenhouse.io/agency/jobs/4633535101,SQL Coding Specialist - Freelance AI Trainer Project,,,United States of America,agency,greenhouse,2026-05-20T19:38:38.572890+00:00,,,,,10,,,,,0,,,0,,,,,,,,,,,,,
https://job-boards.greenhouse.io/alt/jobs/7588614003,Data Engineer ,,,Remote,alt,greenhouse,2026-05-20T19:38:38.572890+00:00,,,,,10,,,,,0,,,0,,,,,,,,,,,,,
https://job-boards.greenhouse.io/alphafmcroles/jobs/8390574002,"North America - Insurance - Sr. Solution Architect, Data Engineering",,,United States,alphafmcroles,greenhouse,2026-05-20T19:38:38.572890+00:00,,,,,10,,,,,0,,,0,,,,,,,,,,,,,
https://job-boards.greenhouse.io/altentechnologyusa/jobs/5136116007,Energy Data Engineer/Analyst,,,"Foster City, California, United States",altentechnologyusa,greenhouse,2026-05-20T19:38:38.572890+00:00,,,,,10,,,,,0,,,0,,,,,,,,,,,,,
https://job-boards.greenhouse.io/amendconsulting/jobs/4005816009,Data Engineer,,,"Cincinnati, Ohio, United States",amendconsulting,greenhouse,2026-05-20T19:38:38.572890+00:00,,,,,10,,,,,0,,,0,,,,,,,,,,,,,
https://job-boards.greenhouse.io/anteriad/jobs/5980230004,Data Engineer,,,Remote-US,anteriad,greenhouse,2026-05-20T19:38:38.572890+00:00,,,,,10,,,,,0,,,0,,,,,,,,,,,,,
https://boards.greenhouse.io/andurilindustries/jobs/5090905007?gh_jid=5090905007,"Data Engineer, Infrastructure FinOps",,,"Costa Mesa, California, United States",andurilindustries,greenhouse,2026-05-20T19:38:38.572890+00:00,"Anduril Industries is a defense technology company with a mission to transform U.S. and allied military capabilities with advanced technology. By bringing the expertise, technology, and business model of the 21st century’s most innovative companies to the defense industry, Anduril is changing how military systems are designed, built and sold. Anduril’s family of systems is powered by Lattice OS, an AI-powered operating system that turns thousands of data streams into a realtime, 3D command and control center. As the world enters an era of strategic competition, Anduril is committed to bringing cutting-edge autonomy, AI, computer vision, sensor fusion, and networking technology to the military in months, not years.
**ABOUT THE TEAM**
Anduril’s Infrastructure Engineering organization provides the digital foundations for all aspects of our business. We are
evolving into a more data-driven approach for designing, building, and managing the critical infrastructure that ingests, transforms, and serves massive datasets to power analytics, machine learning, and intelligent applications.
**ABOUT THE JOB**
We are seeking a highly skilled Data Engineer with a strong software engineering foundation to help build and scale our next-generation data platform. This is a high-impact role where you will have the autonomy to architect robust systems that unlock critical business insights from complex, large-scale data
**WHAT YOU’LL DO**
**Design and Build Scalable Data Pipelines:** Architect, develop, and maintain robust and efficient ETL/ELT pipelines to
process petabyte-scale data from a wide variety of sources using platforms like Google BigQuery , Databricks, and
Palantir Foundry .
**Apply Software Engineering Principles:** Treat data infrastructure as a software product. Develop reusable
frameworks, libraries, and tools to accelerate data pipeline development and ensure reliability , using best practices like
version control, code reviews, and CI/CD.
**Architect and Model Data:** Design and implement well-structured, performant data models and schemas in our data
warehouse and data lakehouse environments, optimized for both analytical querying and application use.
**Ensure Data Quality and Reliability:** Implement comprehensive data quality checks, monitoring, and alerting to
proactively identify and resolve data issues. Troubleshoot and optimize performance bottlenecks in data processing and
storage layers.
**Be a Force Multiplier:** Collaborate closely with data scientists, analysts, software engineers, and business stakeholders
**REQUIRED QUALIFICATIONS**
* 5+ years of experience in a data engineering or a similar software engineering role, ideally building data products in a fast-paced environment.
* Strong programming proficiency in Python.
* Hands-on expertise with at least one major cloud data platform such as Google BigQuery, Databricks, or an enterprise data system like Palantir Foundry.
* Expert-level SQL and query optimization skills on large-scale datasets.
* Solid understanding of data modeling concepts, ETL/ELT design patterns, and data warehousing/lakehouse principles.
* Experience with a major cloud environment (GCP, AWS, Azure), including its security ecosystem and containerization technologies (Docker, Kubernetes).
* Must be eligible to obtain and maintain a US Top Secret security clearance.
**PREFERRED QUALIFICATIONS**
* Hands-on experience with data orchestration and transformation tools like Spark, PySpark, and dbt.
* Experience with Infrastructure as Code (e.g., Terraform, CloudFormation) for managing data resources.
* Knowledge of real-time data streaming technologies (e.g., Kafka, Flink, Pub/Sub).
* Experience implementing CI/CD pipelines for data applications (e.g., GitHub Actions, Jenkins).
* Experience with or a strong interest in learning how to develop data services and data products using modern software architecture and API design principles.
* Familiarity with data visualization tools, such as Tableau
US Salary Range
$146,000—$194,000 USD
The salary range for this role is an estimate based on a wide range of compensation factors, inclusive of base salary only. Actual salary offer may vary based on (but not limited to) work experience, education and/or training, critical skills, and/or business considerations. Highly competitive equity grants are included in the majority of full time offers; and are considered part of Anduril's total compensation package. Additionally, Anduril offers top-tier benefits for full-time employees, including:
### **Benefits**
At Anduril, we invest in our people. Our comprehensive, competitive benefits package (available at little to no cost to employees) ensures you’re supported in health, recovery, and whatever comes next. *For more information, [Explore Our Benefits](https://www.anduril.com/careers).*
### **Protecting Yourself from Recruitment Scams**
Anduril is committed to maintaining the integrity of our Talent acquisition process and the security of our candidates. We've observed a rise in sophisticated phishing and fraudulent schemes where individuals impersonate Anduril representatives, luring job seekers with false interviews or job offers. These scammers often attempt to extract payment or sensitive personal information.
To ensure your safety and help you navigate your job search with confidence, please keep the following critical points in mind:
* **No Financial Requests:**Anduril will never solicit payment or demand personal financial details (such as banking information, credit card numbers, or social security numbers) at any stage of our hiring process. Our legitimate recruitment is entirely free for candidates.
* **Please always verify communications:**
  + Direct from Anduril: If you receive an email from one of our recruiters, it will *only* come from an `@anduril.com` address.
  + Via Agency Partner: If contacted by a recruiting agency for an Anduril role, their email will clearly identify their agency. If you suspect any suspicious activity, please verify the agency's authenticity by reaching out to [contact@anduril.com](mailto:contact@anduril.com).
* **Exercise Caution with Unsolicited Outreach:** If you receive any communication that appears suspicious, contains grammatical errors, or makes unusual requests, do not engage. Always confirm the sender's email domain is @anduril.com before providing any personal information or clicking on links.
* **What to Do If You Suspect Fraud:** Should you encounter any questionable or fraudulent outreach claiming to be from Anduril, please report it immediately to [contact@anduril.com](mailto:contact@anduril.com). Your proactive caution is invaluable in protecting your personal information and upholding the security and trustworthiness of our recruitment efforts.
###
### **Data Privacy**
To view Anduril's candidate data privacy policy, please visit <https://anduril.com/applicant-privacy-notice/>.
By submitting your application, you consent to Anduril Industries using a third-party service provider to conduct pre-employment risk, integrity, and due diligence screening and assessing potential risks as part of your application process. This third-party service provider provides risk-intelligence services that may include analysis of sanctions and watchlists, adverse media, public-record information, and other lawful open-source or commercial data sources. This third-party service provider does not act as a consumer reporting agency. Use of this provider helps to ensure compliance with applicable laws and protect technology, intellectual property, and organizational security.",https://boards.greenhouse.io/andurilindustries/jobs/5090905007?gh_jid=5090905007,2026-05-22T19:45:40.796255+00:00,,10,,,,,0,,,0,2026-05-22T19:51:47.141035+00:00,applied,,,,2026-05-22T19:50:59.909339+00:00,43963.0,,,"{""First Name"": ""Manuel"", ""Last Name"": ""Montes"", ""Email"": ""manuel.montes0@gmail.com"", ""Phone"": ""+1 (336) 423-2987"", ""Resume/CV"": ""C:\\Users\\manue\\.applypilot\\resume.pdf"", ""Cover Letter"": ""C:\\Users\\manue\\.applypilot\\resume.pdf"", ""LinkedIn Profile"": ""www.linkedin.com/in/manueldmontes"", ""Website"": """", ""Will you require sponsorship from Anduril for employment now or in the future (e.g, H1B visa)?"": ""No"", ""DisabilityStatus"": ""Not Disabled"", ""VeteranStatus"": ""Not a Veteran"", ""Gender"": ""Male"", ""CLEARANCE ELIGIBILITY - This position requires eligibility to obtain and maintain a U.S. security clearance. (REQUIRED)"": ""Yes"", ""If you have held a U.S. security clearance in the past, what clearance level have you held?  (REQUIRED)"": ""None"", ""EXPORT CONTROLS - This position requires access to information and technology that is subject to U.S. export controls. Your responses to the questions below will be used solely to determine your eligibility under U.S. law to receive information and materials subject to U.S. export controls. (REQUIRED)"": ""Yes"", ""U.S. WORK AUTHORIZATION (REQUIRED)"": ""Yes"", ""HISTORY WITH ANDURIL (REQUIRED)"": ""No"", ""Have you ever been employed by Anduril or any company that Anduril has acquired? (REQUIRED)"": ""No"", ""CONFLICT OF INTEREST (REQUIRED)"": ""No"", ""How did you hear about Anduril? (REQUIRED)"": ""LinkedIn"", ""If other, please specify"": """"}",https://boards-api.greenhouse.io/v1/boards/andurilindustries/jobs/5090905007?questions=true,"[{""id"": ""first_name"", ""label"": ""First Name"", ""required"": true, ""type"": ""input_text"", ""applicant_answer"": ""Manuel"", ""llm_found_submit"": ""submit_found_dry_run""}, {""id"": ""last_name"", ""label"": ""Last Name"", ""required"": true, ""type"": ""input_text"", ""applicant_answer"": ""Montes"", ""llm_found_submit"": ""submit_found_dry_run""}, {""id"": ""email"", ""label"": ""Email"", ""required"": true, ""type"": ""input_text"", ""applicant_answer"": ""manuel.montes0@gmail.com"", ""llm_found_submit"": ""submit_found_dry_run""}, {""id"": ""phone"", ""label"": ""Phone"", ""required"": false, ""type"": ""input_text"", ""applicant_answer"": ""+1 (336) 423-2987"", ""llm_found_submit"": ""submit_found_dry_run""}, {""id"": ""resume"", ""label"": ""Resume/CV"", ""required"": false, ""type"": ""input_file"", ""applicant_answer"": ""C:\\Users\\manue\\.applypilot\\resume.pdf"", ""llm_found_submit"": ""submit_found_dry_run""}, {""id"": ""resume_text"", ""label"": ""Resume/CV"", ""required"": false, ""type"": ""textarea"", ""applicant_answer"": ""C:\\Users\\manue\\.applypilot\\resume.pdf"", ""llm_found_submit"": ""submit_found_dry_run""}, {""id"": ""cover_letter"", ""label"": ""Cover Letter"", ""required"": false, ""type"": ""input_file"", ""applicant_answer"": ""C:\\Users\\manue\\.applypilot\\resume.pdf"", ""llm_found_submit"": ""submit_found_dry_run""}, {""id"": ""cover_letter_text"", ""label"": ""Cover Letter"", ""required"": false, ""type"": ""textarea"", ""applicant_answer"": ""answer_not_found"", ""llm_found_submit"": ""submit_found_dry_run""}, {""id"": ""question_11651463007"", ""label"": ""LinkedIn Profile"", ""required"": false, ""type"": ""input_text"", ""applicant_answer"": ""www.linkedin.com/in/manueldmontes"", ""llm_found_submit"": ""submit_found_dry_run""}, {""id"": ""question_11651464007"", ""label"": ""Website"", ""required"": false, ""type"": ""input_text"", ""applicant_answer"": """", ""llm_found_submit"": ""submit_found_dry_run""}, {""id"": ""question_11651465007"", ""label"": ""CLEARANCE ELIGIBILITY - This position requires eligibility to obtain and maintain a U.S. security clearance."", ""required"": true, ""type"": ""multi_value_single_select"", ""applicant_answer"": ""answer_not_found"", ""llm_found_submit"": ""submit_found_dry_run""}, {""id"": ""question_11651466007"", ""label"": ""If you have held a U.S. security clearance in the past, what clearance level have you held? "", ""required"": true, ""type"": ""multi_value_single_select"", ""applicant_answer"": ""answer_not_found"", ""llm_found_submit"": ""submit_found_dry_run""}, {""id"": ""question_11651467007"", ""label"": ""EXPORT CONTROLS - This position requires access to information and technology that is subject to U.S. export controls. Your responses to the questions below will be used solely to determine your eligibility under U.S. law to receive information and materials subject to U.S. export controls."", ""required"": true, ""type"": ""multi_value_single_select"", ""applicant_answer"": ""answer_not_found"", ""llm_found_submit"": ""submit_found_dry_run""}, {""id"": ""question_11651468007"", ""label"": ""U.S. WORK AUTHORIZATION"", ""required"": true, ""type"": ""multi_value_single_select"", ""applicant_answer"": ""answer_not_found"", ""llm_found_submit"": ""submit_found_dry_run""}, {""id"": ""question_11651469007"", ""label"": ""Will you require sponsorship from Anduril for employment now or in the future (e.g, H1B visa)?"", ""required"": true, ""type"": ""multi_value_single_select"", ""applicant_answer"": ""No"", ""llm_found_submit"": ""submit_found_dry_run""}, {""id"": ""question_11651470007"", ""label"": ""HISTORY WITH ANDURIL"", ""required"": true, ""type"": ""multi_value_single_select"", ""applicant_answer"": ""answer_not_found"", ""llm_found_submit"": ""submit_found_dry_run""}, {""id"": ""question_11651471007"", ""label"": ""Have you ever been employed by Anduril or any company that Anduril has acquired?"", ""required"": true, ""type"": ""multi_value_single_select"", ""applicant_answer"": ""answer_not_found"", ""llm_found_submit"": ""submit_found_dry_run""}, {""id"": ""question_11651472007"", ""label"": ""CONFLICT OF INTEREST"", ""required"": true, ""type"": ""multi_value_single_select"", ""applicant_answer"": ""answer_not_found"", ""llm_found_submit"": ""submit_found_dry_run""}, {""id"": ""question_11651473007"", ""label"": ""How did you hear about Anduril?"", ""required"": true, ""type"": ""multi_value_single_select"", ""applicant_answer"": ""answer_not_found"", ""llm_found_submit"": ""submit_found_dry_run""}, {""id"": ""question_11651474007"", ""label"": ""If other, please specify"", ""required"": false, ""type"": ""input_text"", ""applicant_answer"": ""answer_not_found"", ""llm_found_submit"": ""submit_found_dry_run""}, {""id"": ""disability_status"", ""label"": ""DisabilityStatus"", ""required"": false, ""type"": ""multi_value_single_select"", ""applicant_answer"": ""Not Disabled"", ""llm_found_submit"": ""submit_found_dry_run""}, {""id"": ""veteran_status"", ""label"": ""VeteranStatus"", ""required"": false, ""type"": ""multi_value_single_select"", ""applicant_answer"": ""Not a Veteran"", ""llm_found_submit"": ""submit_found_dry_run""}, {""id"": ""race"", ""label"": ""Race"", ""required"": false, ""type"": ""multi_value_single_select"", ""applicant_answer"": ""Hispanic/Latino"", ""llm_found_submit"": ""submit_found_dry_run""}, {""id"": ""gender"", ""label"": ""Gender"", ""required"": false, ""type"": ""multi_value_single_select"", ""applicant_answer"": ""Male"", ""llm_found_submit"": ""submit_found_dry_run""}]",
https://boards.greenhouse.io/andurilindustries/jobs/5057159007?gh_jid=5057159007,Product Data Engineer ,,,"Costa Mesa, California, United States",andurilindustries,greenhouse,2026-05-20T19:38:38.572890+00:00,"Anduril Industries is a defense technology company with a mission to transform U.S. and allied military capabilities with advanced technology. By bringing the expertise, technology, and business model of the 21st century’s most innovative companies to the defense industry, Anduril is changing how military systems are designed, built and sold. Anduril’s family of systems is powered by Lattice OS, an AI-powered operating system that turns thousands of data streams into a realtime, 3D command and control center. As the world enters an era of strategic competition, Anduril is committed to bringing cutting-edge autonomy, AI, computer vision, sensor fusion, and networking technology to the military in months, not years.
**ABOUT THE JOB**
Anduril is seeking a Product Data Engineer to join our Configuration Management team. As a Product Data Engineer you will work closely with the leaders of critical Anduril programs to manage a highly dynamic and fast-paced design, engineering, and manufacturing environment. The Product Data Engineer will have a massive impact on capturing and defining the baseline for a program’s requirements, design, testing, manufacturing, and sustainment data structures (requirements baseline, EBOM, MBOM, SOM, BOP).
 **WHAT YOU'LL DO**
* Be a partner to Product and Program teams by:
* Working with Anduril system, design, and manufacturing engineers to generate, populate and submit configuration item change requests.
* Preparing critical analyses to support change requests while maintaining configuration integrity and traceability (item dependency analyses, test analyses, effectivity plans, inventory disposition analyses etc.)
* Supporting the execution and implementation of change notices across system engineering, design engineering, manufacturing engineering, and supply chain domains.
* Identifying and executing continuous improvement opportunities by building data-driven perspectives of the full product configuration landscape.
* Be the leader of critical configuration management activities and forums by:
* Supporting configuration managers in managing critical program technical forums (Test Review Board, Change Control Board etc.).
* Working with program teams to prepare for critical technical forums (the Change Review Board, the Change Control Board) including preparing of business cases, test data, effectivity plans, inventory disposition plans, etc.
* Documenting and distributing conclusions, decisions emerging from configuration management forums.
* Conduct periodic product configuration record audits by:
* Supporting configuration management reviews and audits, including FCA/PCA and providing direction before, during and after the events to prevent or resolve issues.
* Reconciling released bills of materials against baseline bills of materials by confirming all variances have signed-off change notices.
* Reconciling product as-built-records against released bills of materials by confirming all variances have quality deviations.
* Identifying, analyzing resolving non-conformances; finding and resolving root-causing failure modes.
* Be an expert resource for the Product Teams for Engineering Release and Change Management processes and standards by:
* Using Teamcenter software to manage Engineering changes, including part revisions, EBOM/MBOM/SBOM updates, documentation modifications, and associated workflows.
* Providing guidance and support to Engineering teams in configuring the Engineering, Manufacturing, and Service Bills of Materials (EBOM, MBOM, SBOM)
* Supporting Configuration Managers and Engineers in defining and maintaining configurable product data sets (i.e., 150% BOMs, product variant dictionaries and schema).
* Being a Teamcenter super-user and able to train product team users on workflows.
* Be part of the team defining the future of digital engineering at Anduril by:
* Partnering with engineering teams to set requirements and identify improvement opportunities in existing ways of working by creating tools or enhancing existing workflows.
* Building an end-to-end digital thread that maintains an accurate product definition, system by system, from the definition of requirements to the as maintained record.
* Identifying and piloting opportunities to leverage Anduril’s AI capabilities tools to unlock increased speed, accuracy, and efficiency within Anduril’s configuration management activities.
### **REQUIRED QUALIFICATIONS**
* 2-5 years of configuration analysis or equivalent experience.
* 2-5 years of demonstrated experience working in high complexity and high-rate production environments (aerospace, automotive, security systems, medical devices, nuclear).
* Familiar with configuration management principles and practices (EIA649/C, MIL-HDBK-61B).
* Experience with product lifecycle management (PLM) and/or data management toolsets for configuration management of complex products
* Possess high attention to detail and strong organizational skills.
* Excellent written and verbal communication skills – you must have an ability to synthesize complex quantitative data into clear decision statements.
* BA/BS degree.
* Ability to earn trust, maintain positive and professional relationships, and contribute to our inclusive culture.
* Is able to obtain and maintain a U.S. security clearance.
### **PREFERRED QUALIFICATIONS**
* Proven experience in aerospace industry.
* Proficient in technical writing of processes and procedures.
* Experience with Teamcenter, Teamcenter Requirements, Teamcenter Quality, Confluence & JIRA.
* Database skills with SQL queries, etc.
* Certification in CM2 or equivalent configuration management certification.
US Salary Range
$113,000—$149,000 USD
The salary range for this role is an estimate based on a wide range of compensation factors, inclusive of base salary only. Actual salary offer may vary based on (but not limited to) work experience, education and/or training, critical skills, and/or business considerations. Highly competitive equity grants are included in the majority of full time offers; and are considered part of Anduril's total compensation package. Additionally, Anduril offers top-tier benefits for full-time employees, including:
### **Benefits**
At Anduril, we invest in our people. Our comprehensive, competitive benefits package (available at little to no cost to employees) ensures you’re supported in health, recovery, and whatever comes next. *For more information, [Explore Our Benefits](https://www.anduril.com/careers).*
### **Protecting Yourself from Recruitment Scams**
Anduril is committed to maintaining the integrity of our Talent acquisition process and the security of our candidates. We've observed a rise in sophisticated phishing and fraudulent schemes where individuals impersonate Anduril representatives, luring job seekers with false interviews or job offers. These scammers often attempt to extract payment or sensitive personal information.
To ensure your safety and help you navigate your job search with confidence, please keep the following critical points in mind:
* **No Financial Requests:**Anduril will never solicit payment or demand personal financial details (such as banking information, credit card numbers, or social security numbers) at any stage of our hiring process. Our legitimate recruitment is entirely free for candidates.
* **Please always verify communications:**
  + Direct from Anduril: If you receive an email from one of our recruiters, it will *only* come from an `@anduril.com` address.
  + Via Agency Partner: If contacted by a recruiting agency for an Anduril role, their email will clearly identify their agency. If you suspect any suspicious activity, please verify the agency's authenticity by reaching out to [contact@anduril.com](mailto:contact@anduril.com).
* **Exercise Caution with Unsolicited Outreach:** If you receive any communication that appears suspicious, contains grammatical errors, or makes unusual requests, do not engage. Always confirm the sender's email domain is @anduril.com before providing any personal information or clicking on links.
* **What to Do If You Suspect Fraud:** Should you encounter any questionable or fraudulent outreach claiming to be from Anduril, please report it immediately to [contact@anduril.com](mailto:contact@anduril.com). Your proactive caution is invaluable in protecting your personal information and upholding the security and trustworthiness of our recruitment efforts.
###
### **Data Privacy**
To view Anduril's candidate data privacy policy, please visit <https://anduril.com/applicant-privacy-notice/>.
By submitting your application, you consent to Anduril Industries using a third-party service provider to conduct pre-employment risk, integrity, and due diligence screening and assessing potential risks as part of your application process. This third-party service provider provides risk-intelligence services that may include analysis of sanctions and watchlists, adverse media, public-record information, and other lawful open-source or commercial data sources. This third-party service provider does not act as a consumer reporting agency. Use of this provider helps to ensure compliance with applicable laws and protect technology, intellectual property, and organizational security.",https://boards.greenhouse.io/andurilindustries/jobs/5057159007?gh_jid=5057159007,2026-05-22T19:45:40.796255+00:00,,10,,,,,0,,,0,2026-05-22T19:50:14.802418+00:00,applied,,,,2026-05-22T19:49:26.077492+00:00,45459.0,,,"{""First Name"": ""Manuel"", ""Last Name"": ""Montes"", ""Email"": ""manuel.montes0@gmail.com"", ""Phone"": ""+1 (336) 423-2987"", ""Resume/CV"": ""C:\\Users\\manue\\.applypilot\\resume.pdf"", ""Cover Letter"": ""C:\\Users\\manue\\.applypilot\\resume.pdf"", ""LinkedIn Profile"": ""www.linkedin.com/in/manueldmontes"", ""Website"": """", ""Will you require sponsorship from Anduril for employment now or in the future (e.g, H1B visa)?"": ""No"", ""DisabilityStatus"": ""Not Disabled"", ""VeteranStatus"": ""Not a Veteran"", ""Gender"": ""Male"", ""CLEARANCE ELIGIBILITY - This position requires eligibility to obtain and maintain a U.S. security clearance."": ""Yes"", ""If you have held a U.S. security clearance in the past, what clearance level have you held?"": ""None"", ""EXPORT CONTROLS - This position requires access to information and technology that is subject to U.S. export controls. Your responses to the questions below will be used solely to determine your eligibility under U.S. law to receive information and materials subject to U.S. export controls."": ""Yes"", ""U.S. WORK AUTHORIZATION"": ""Yes"", ""HISTORY WITH ANDURIL"": ""No"", ""Have you ever been employed by Anduril or any company that Anduril has acquired?"": ""No"", ""CONFLICT OF INTEREST"": ""No"", ""How did you hear about Anduril?"": ""LinkedIn"", ""If other, please specify"": ""N/A""}",https://boards-api.greenhouse.io/v1/boards/andurilindustries/jobs/5057159007?questions=true,"[{""id"": ""first_name"", ""label"": ""First Name"", ""required"": true, ""type"": ""input_text"", ""applicant_answer"": ""Manuel"", ""llm_found_submit"": ""submit_found_dry_run""}, {""id"": ""last_name"", ""label"": ""Last Name"", ""required"": true, ""type"": ""input_text"", ""applicant_answer"": ""Montes"", ""llm_found_submit"": ""submit_found_dry_run""}, {""id"": ""email"", ""label"": ""Email"", ""required"": true, ""type"": ""input_text"", ""applicant_answer"": ""manuel.montes0@gmail.com"", ""llm_found_submit"": ""submit_found_dry_run""}, {""id"": ""phone"", ""label"": ""Phone"", ""required"": true, ""type"": ""input_text"", ""applicant_answer"": ""+1 (336) 423-2987"", ""llm_found_submit"": ""submit_found_dry_run""}, {""id"": ""resume"", ""label"": ""Resume/CV"", ""required"": true, ""type"": ""input_file"", ""applicant_answer"": ""C:\\Users\\manue\\.applypilot\\resume.pdf"", ""llm_found_submit"": ""submit_found_dry_run""}, {""id"": ""resume_text"", ""label"": ""Resume/CV"", ""required"": true, ""type"": ""textarea"", ""applicant_answer"": ""C:\\Users\\manue\\.applypilot\\resume.pdf"", ""llm_found_submit"": ""submit_found_dry_run""}, {""id"": ""cover_letter"", ""label"": ""Cover Letter"", ""required"": false, ""type"": ""input_file"", ""applicant_answer"": ""C:\\Users\\manue\\.applypilot\\resume.pdf"", ""llm_found_submit"": ""submit_found_dry_run""}, {""id"": ""cover_letter_text"", ""label"": ""Cover Letter"", ""required"": false, ""type"": ""textarea"", ""applicant_answer"": ""answer_not_found"", ""llm_found_submit"": ""submit_found_dry_run""}, {""id"": ""question_11952818007"", ""label"": ""LinkedIn Profile"", ""required"": false, ""type"": ""input_text"", ""applicant_answer"": ""www.linkedin.com/in/manueldmontes"", ""llm_found_submit"": ""submit_found_dry_run""}, {""id"": ""question_11952819007"", ""label"": ""Website"", ""required"": false, ""type"": ""input_text"", ""applicant_answer"": """", ""llm_found_submit"": ""submit_found_dry_run""}, {""id"": ""question_11952820007"", ""label"": ""CLEARANCE ELIGIBILITY - This position requires eligibility to obtain and maintain a U.S. security clearance."", ""required"": true, ""type"": ""multi_value_single_select"", ""applicant_answer"": ""answer_not_found"", ""llm_found_submit"": ""submit_found_dry_run""}, {""id"": ""question_11952821007"", ""label"": ""If you have held a U.S. security clearance in the past, what clearance level have you held? "", ""required"": true, ""type"": ""multi_value_single_select"", ""applicant_answer"": ""answer_not_found"", ""llm_found_submit"": ""submit_found_dry_run""}, {""id"": ""question_11952822007"", ""label"": ""EXPORT CONTROLS - This position requires access to information and technology that is subject to U.S. export controls. Your responses to the questions below will be used solely to determine your eligibility under U.S. law to receive information and materials subject to U.S. export controls."", ""required"": true, ""type"": ""multi_value_single_select"", ""applicant_answer"": ""answer_not_found"", ""llm_found_submit"": ""submit_found_dry_run""}, {""id"": ""question_11952823007"", ""label"": ""U.S. WORK AUTHORIZATION"", ""required"": true, ""type"": ""multi_value_single_select"", ""applicant_answer"": ""answer_not_found"", ""llm_found_submit"": ""submit_found_dry_run""}, {""id"": ""question_11952824007"", ""label"": ""Will you require sponsorship from Anduril for employment now or in the future (e.g, H1B visa)?"", ""required"": true, ""type"": ""multi_value_single_select"", ""applicant_answer"": ""No"", ""llm_found_submit"": ""submit_found_dry_run""}, {""id"": ""question_11952825007"", ""label"": ""HISTORY WITH ANDURIL"", ""required"": true, ""type"": ""multi_value_single_select"", ""applicant_answer"": ""answer_not_found"", ""llm_found_submit"": ""submit_found_dry_run""}, {""id"": ""question_11952826007"", ""label"": ""Have you ever been employed by Anduril or any company that Anduril has acquired?"", ""required"": true, ""type"": ""multi_value_single_select"", ""applicant_answer"": ""answer_not_found"", ""llm_found_submit"": ""submit_found_dry_run""}, {""id"": ""question_11952827007"", ""label"": ""CONFLICT OF INTEREST"", ""required"": true, ""type"": ""multi_value_single_select"", ""applicant_answer"": ""answer_not_found"", ""llm_found_submit"": ""submit_found_dry_run""}, {""id"": ""question_11952828007"", ""label"": ""How did you hear about Anduril?"", ""required"": true, ""type"": ""multi_value_single_select"", ""applicant_answer"": ""answer_not_found"", ""llm_found_submit"": ""submit_found_dry_run""}, {""id"": ""question_11952829007"", ""label"": ""If other, please specify"", ""required"": false, ""type"": ""input_text"", ""applicant_answer"": ""answer_not_found"", ""llm_found_submit"": ""submit_found_dry_run""}, {""id"": ""disability_status"", ""label"": ""DisabilityStatus"", ""required"": false, ""type"": ""multi_value_single_select"", ""applicant_answer"": ""Not Disabled"", ""llm_found_submit"": ""submit_found_dry_run""}, {""id"": ""veteran_status"", ""label"": ""VeteranStatus"", ""required"": false, ""type"": ""multi_value_single_select"", ""applicant_answer"": ""Not a Veteran"", ""llm_found_submit"": ""submit_found_dry_run""}, {""id"": ""race"", ""label"": ""Race"", ""required"": false, ""type"": ""multi_value_single_select"", ""applicant_answer"": ""Hispanic/Latino"", ""llm_found_submit"": ""submit_found_dry_run""}, {""id"": ""gender"", ""label"": ""Gender"", ""required"": false, ""type"": ""multi_value_single_select"", ""applicant_answer"": ""Male"", ""llm_found_submit"": ""submit_found_dry_run""}]",
https://boards.greenhouse.io/andurilindustries/jobs/5107205007?gh_jid=5107205007,"Product Data Engineer, Autonomous Airpower",,,"Ashville, Ohio, United States",andurilindustries,greenhouse,2026-05-20T19:38:38.572890+00:00,"Anduril Industries is a defense technology company with a mission to transform U.S. and allied military capabilities with advanced technology. By bringing the expertise, technology, and business model of the 21st century’s most innovative companies to the defense industry, Anduril is changing how military systems are designed, built and sold. Anduril’s family of systems is powered by Lattice OS, an AI-powered operating system that turns thousands of data streams into a realtime, 3D command and control center. As the world enters an era of strategic competition, Anduril is committed to bringing cutting-edge autonomy, AI, computer vision, sensor fusion, and networking technology to the military in months, not years.
**ABOUT THE JOB**
Anduril is seeking a Product Data Engineer to join our Fury Team in Columbus, Ohio.  The Product Data Engineer is responsible for change control activities supporting the Autonomous Airpower production line.  As a Product Data Engineer  you will work closely with the leaders of critical Anduril programs to manage a highly dynamic and fast-paced design, engineering, and manufacturing environment. The Product Data Engineer will have a massive impact on capturing and defining the baseline for a program’s requirements, design, testing, manufacturing, and sustainment data structures (requirements baseline, EBOM, MBOM, SOM, BOP).
**WHAT YOU'LL DO**
* Be a partner to Product and Program teams by:
  + Working with Anduril system, design, and manufacturing engineers to generate, populate and submit configuration item change requests.
  + Preparing critical analyses to support change requests while maintaining configuration integrity and traceability (item dependency analyses, test analyses, effectivity plans, inventory disposition analyses etc.)
  + Supporting the execution and implementation of change notices across system engineering, design engineering, manufacturing engineering, and supply chain domains.
  + Identifying and executing continuous improvement opportunities by building data-driven perspectives of the full product configuration landscape.
* Be the leader of critical configuration management activities and forums by:
  + Supporting configuration managers in managing critical program technical forums (Test Review Board, Change Control Board etc.).
  + Working with program teams to prepare for critical technical forums (the Change Review Board, the Change Control Board) including preparing of business cases, test data, effectivity plans, inventory disposition plans, etc.
  + Documenting and distributing conclusions, decisions emerging from configuration management forums.
* Conduct periodic product configuration record audits by:
  + Supporting configuration management reviews and audits, including FCA/PCA and providing direction before, during and after the events to prevent or resolve issues.
  + Reconciling released bills of materials against baseline bills of materials by confirming all variances have signed-off change notices.
  + Reconciling product as-built-records against released bills of materials by confirming all variances have quality deviations.
  + Identifying, analyzing resolving non-conformances; finding and resolving root-causing failure modes.
* Be an expert resource for the Product Teams for Engineering Release and Change Management processes and standards by:
  + Using Teamcenter software to manage Engineering changes, including part revisions, EBOM/MBOM/SBOM updates, documentation modifications, and associated workflows.
  + Providing guidance and support to Engineering teams in configuring the Engineering, Manufacturing, and Service Bills of Materials (EBOM, MBOM, SBOM)
  + Supporting Configuration Managers and Engineers in defining and maintaining configurable product data sets (i.e., 150% BOMs, product variant dictionaries and schema).
  + Being a Teamcenter super-user and able to train product team users on workflows.
* Be part of the team defining the future of digital engineering at Anduril by:
  + Partnering with engineering teams to set requirements and identify improvement opportunities in existing ways of working by creating tools or enhancing existing workflows.
  + Building an end-to-end digital thread that maintains an accurate product definition, system by system, from the definition of requirements to the as maintained record.
  + Identifying and piloting opportunities to leverage Anduril’s AI capabilities tools to unlock increased speed, accuracy, and efficiency within Anduril’s configuration management activities.
**REQUIRED QUALIFICATIONS**
* 2-5 years of configuration analysis or equivalent experience.
* 2-5 years of demonstrated experience working in high complexity and high-rate production environments (aerospace, automotive, security systems, medical devices, nuclear).
* Familiar with configuration management principles and practices (EIA649/C, MIL-HDBK-61B).
* Experience with product lifecycle management (PLM) and/or data management toolsets for configuration management of complex products
* Possess high attention to detail and strong organizational skills.
* Excellent written and verbal communication skills – you must have an ability to synthesize complex quantitative data into clear decision statements.
* BA/BS degree.
* Ability to earn trust, maintain positive and professional relationships, and contribute to our inclusive culture.
* Is able to obtain and maintain a U.S. security clearance.
**PREFERRED QUALIFICATIONS**
* Proven experience in aerospace industry.
* Proficient in technical writing of processes and procedures.
* Experience with Teamcenter, Teamcenter Requirements, Teamcenter Quality, Confluence & JIRA.
* Database skills with SQL queries, etc.
* Certification in CM2 or equivalent configuration management certification.
US Salary Range
$113,000—$149,000 USD
The salary range for this role is an estimate based on a wide range of compensation factors, inclusive of base salary only. Actual salary offer may vary based on (but not limited to) work experience, education and/or training, critical skills, and/or business considerations. Highly competitive equity grants are included in the majority of full time offers; and are considered part of Anduril's total compensation package. Additionally, Anduril offers top-tier benefits for full-time employees, including:
### **Benefits**
At Anduril, we invest in our people. Our comprehensive, competitive benefits package (available at little to no cost to employees) ensures you’re supported in health, recovery, and whatever comes next. *For more information, [Explore Our Benefits](https://www.anduril.com/careers).*
### **Protecting Yourself from Recruitment Scams**
Anduril is committed to maintaining the integrity of our Talent acquisition process and the security of our candidates. We've observed a rise in sophisticated phishing and fraudulent schemes where individuals impersonate Anduril representatives, luring job seekers with false interviews or job offers. These scammers often attempt to extract payment or sensitive personal information.
To ensure your safety and help you navigate your job search with confidence, please keep the following critical points in mind:
* **No Financial Requests:**Anduril will never solicit payment or demand personal financial details (such as banking information, credit card numbers, or social security numbers) at any stage of our hiring process. Our legitimate recruitment is entirely free for candidates.
* **Please always verify communications:**
  + Direct from Anduril: If you receive an email from one of our recruiters, it will *only* come from an `@anduril.com` address.
  + Via Agency Partner: If contacted by a recruiting agency for an Anduril role, their email will clearly identify their agency. If you suspect any suspicious activity, please verify the agency's authenticity by reaching out to [contact@anduril.com](mailto:contact@anduril.com).
* **Exercise Caution with Unsolicited Outreach:** If you receive any communication that appears suspicious, contains grammatical errors, or makes unusual requests, do not engage. Always confirm the sender's email domain is @anduril.com before providing any personal information or clicking on links.
* **What to Do If You Suspect Fraud:** Should you encounter any questionable or fraudulent outreach claiming to be from Anduril, please report it immediately to [contact@anduril.com](mailto:contact@anduril.com). Your proactive caution is invaluable in protecting your personal information and upholding the security and trustworthiness of our recruitment efforts.
###
### **Data Privacy**
To view Anduril's candidate data privacy policy, please visit <https://anduril.com/applicant-privacy-notice/>.
By submitting your application, you consent to Anduril Industries using a third-party service provider to conduct pre-employment risk, integrity, and due diligence screening and assessing potential risks as part of your application process. This third-party service provider provides risk-intelligence services that may include analysis of sanctions and watchlists, adverse media, public-record information, and other lawful open-source or commercial data sources. This third-party service provider does not act as a consumer reporting agency. Use of this provider helps to ensure compliance with applicable laws and protect technology, intellectual property, and organizational security.",https://boards.greenhouse.io/andurilindustries/jobs/5107205007?gh_jid=5107205007,2026-05-22T19:45:40.796255+00:00,,10,,,,,0,,,0,2026-05-22T19:52:27.867868+00:00,applied,,,,2026-05-22T19:51:47.367543+00:00,37220.0,,,"{""First Name"": ""Manuel"", ""Last Name"": ""Montes"", ""Email"": ""manuel.montes0@gmail.com"", ""Phone"": ""+1 (336) 423-2987"", ""Resume/CV"": ""C:\\Users\\manue\\.applypilot\\resume.pdf"", ""Cover Letter"": ""C:\\Users\\manue\\.applypilot\\resume.pdf"", ""LinkedIn Profile"": ""www.linkedin.com/in/manueldmontes"", ""Website"": """", ""Will you require sponsorship from Anduril for employment now or in the future (e.g, H1B visa)?"": ""No"", ""DisabilityStatus"": ""Not Disabled"", ""VeteranStatus"": ""Not a Veteran"", ""Gender"": ""Male"", ""EXPORT CONTROLS - This position requires access to information and technology that is subject to U.S. export controls. Your responses to the questions below will be used solely to determine your eligibility under U.S. law to receive information and materials subject to U.S. export controls."": ""Yes"", ""U.S. WORK AUTHORIZATION"": ""Yes"", ""HISTORY WITH ANDURIL"": ""No"", ""Have you ever been employed by Anduril or any company that Anduril has acquired?"": ""No"", ""CONFLICT OF INTEREST"": ""No"", ""How did you hear about Anduril?"": ""LinkedIn"", ""If other, please specify"": """"}",https://boards-api.greenhouse.io/v1/boards/andurilindustries/jobs/5107205007?questions=true,"[{""id"": ""first_name"", ""label"": ""First Name"", ""required"": true, ""type"": ""input_text"", ""applicant_answer"": ""Manuel"", ""llm_found_submit"": ""submit_found_dry_run""}, {""id"": ""last_name"", ""label"": ""Last Name"", ""required"": true, ""type"": ""input_text"", ""applicant_answer"": ""Montes"", ""llm_found_submit"": ""submit_found_dry_run""}, {""id"": ""email"", ""label"": ""Email"", ""required"": true, ""type"": ""input_text"", ""applicant_answer"": ""manuel.montes0@gmail.com"", ""llm_found_submit"": ""submit_found_dry_run""}, {""id"": ""phone"", ""label"": ""Phone"", ""required"": true, ""type"": ""input_text"", ""applicant_answer"": ""+1 (336) 423-2987"", ""llm_found_submit"": ""submit_found_dry_run""}, {""id"": ""resume"", ""label"": ""Resume/CV"", ""required"": true, ""type"": ""input_file"", ""applicant_answer"": ""C:\\Users\\manue\\.applypilot\\resume.pdf"", ""llm_found_submit"": ""submit_found_dry_run""}, {""id"": ""resume_text"", ""label"": ""Resume/CV"", ""required"": true, ""type"": ""textarea"", ""applicant_answer"": ""C:\\Users\\manue\\.applypilot\\resume.pdf"", ""llm_found_submit"": ""submit_found_dry_run""}, {""id"": ""cover_letter"", ""label"": ""Cover Letter"", ""required"": false, ""type"": ""input_file"", ""applicant_answer"": ""C:\\Users\\manue\\.applypilot\\resume.pdf"", ""llm_found_submit"": ""submit_found_dry_run""}, {""id"": ""cover_letter_text"", ""label"": ""Cover Letter"", ""required"": false, ""type"": ""textarea"", ""applicant_answer"": ""answer_not_found"", ""llm_found_submit"": ""submit_found_dry_run""}, {""id"": ""question_11835546007"", ""label"": ""LinkedIn Profile"", ""required"": false, ""type"": ""input_text"", ""applicant_answer"": ""www.linkedin.com/in/manueldmontes"", ""llm_found_submit"": ""submit_found_dry_run""}, {""id"": ""question_11835547007"", ""label"": ""Website"", ""required"": false, ""type"": ""input_text"", ""applicant_answer"": """", ""llm_found_submit"": ""submit_found_dry_run""}, {""id"": ""question_11835548007"", ""label"": ""EXPORT CONTROLS - This position requires access to information and technology that is subject to U.S. export controls. Your responses to the questions below will be used solely to determine your eligibility under U.S. law to receive information and materials subject to U.S. export controls."", ""required"": true, ""type"": ""multi_value_single_select"", ""applicant_answer"": ""answer_not_found"", ""llm_found_submit"": ""submit_found_dry_run""}, {""id"": ""question_11835549007"", ""label"": ""U.S. WORK AUTHORIZATION"", ""required"": true, ""type"": ""multi_value_single_select"", ""applicant_answer"": ""answer_not_found"", ""llm_found_submit"": ""submit_found_dry_run""}, {""id"": ""question_11835550007"", ""label"": ""Will you require sponsorship from Anduril for employment now or in the future (e.g, H1B visa)?"", ""required"": true, ""type"": ""multi_value_single_select"", ""applicant_answer"": ""No"", ""llm_found_submit"": ""submit_found_dry_run""}, {""id"": ""question_11835551007"", ""label"": ""HISTORY WITH ANDURIL"", ""required"": true, ""type"": ""multi_value_single_select"", ""applicant_answer"": ""answer_not_found"", ""llm_found_submit"": ""submit_found_dry_run""}, {""id"": ""question_11835552007"", ""label"": ""Have you ever been employed by Anduril or any company that Anduril has acquired?"", ""required"": true, ""type"": ""multi_value_single_select"", ""applicant_answer"": ""answer_not_found"", ""llm_found_submit"": ""submit_found_dry_run""}, {""id"": ""question_11835553007"", ""label"": ""CONFLICT OF INTEREST"", ""required"": true, ""type"": ""multi_value_single_select"", ""applicant_answer"": ""answer_not_found"", ""llm_found_submit"": ""submit_found_dry_run""}, {""id"": ""question_11835554007"", ""label"": ""How did you hear about Anduril?"", ""required"": true, ""type"": ""multi_value_single_select"", ""applicant_answer"": ""answer_not_found"", ""llm_found_submit"": ""submit_found_dry_run""}, {""id"": ""question_11835555007"", ""label"": ""If other, please specify"", ""required"": false, ""type"": ""input_text"", ""applicant_answer"": ""answer_not_found"", ""llm_found_submit"": ""submit_found_dry_run""}, {""id"": ""disability_status"", ""label"": ""DisabilityStatus"", ""required"": false, ""type"": ""multi_value_single_select"", ""applicant_answer"": ""Not Disabled"", ""llm_found_submit"": ""submit_found_dry_run""}, {""id"": ""veteran_status"", ""label"": ""VeteranStatus"", ""required"": false, ""type"": ""multi_value_single_select"", ""applicant_answer"": ""Not a Veteran"", ""llm_found_submit"": ""submit_found_dry_run""}, {""id"": ""race"", ""label"": ""Race"", ""required"": false, ""type"": ""multi_value_single_select"", ""applicant_answer"": ""Hispanic/Latino"", ""llm_found_submit"": ""submit_found_dry_run""}, {""id"": ""gender"", ""label"": ""Gender"", ""required"": false, ""type"": ""multi_value_single_select"", ""applicant_answer"": ""Male"", ""llm_found_submit"": ""submit_found_dry_run""}]",
https://boards.greenhouse.io/andurilindustries/jobs/4991618007?gh_jid=4991618007,"Software Engineer, Data Engineering",,,"Costa Mesa, California, United States",andurilindustries,greenhouse,2026-05-20T19:38:38.572890+00:00,"Anduril Industries is a defense technology company with a mission to transform U.S. and allied military capabilities with advanced technology. By bringing the expertise, technology, and business model of the 21st century’s most innovative companies to the defense industry, Anduril is changing how military systems are designed, built and sold. Anduril’s family of systems is powered by Lattice OS, an AI-powered operating system that turns thousands of data streams into a realtime, 3D command and control center. As the world enters an era of strategic competition, Anduril is committed to bringing cutting-edge autonomy, AI, computer vision, sensor fusion, and networking technology to the military in months, not years.
### ABOUT THE TEAM
Anduril Maritime delivers platforms, systems, and integrated effects in the maritime domain. Our autonomous vehicles (sub-surface and surface) are the cornerstone of these capabilities, and we continually strive to push the boundaries of the possible in terms of endurance, autonomy and mission capability. The Maritime team develops and maintains core products and payloads, and adapts and applies those products to serve a wide variety of defense, IC and commercial customers in US and international markets.
### ABOUT THE JOB
As a Software Engineer, Data Engineering on the Maritime Digital Production team, you will build the high-throughput data systems that connect design, manufacturing, and operations into a unified digital thread. You’ll design and implement scalable data architectures that move and transform massive datasets efficiently, supporting everything from geometry access to live production analytics.
In this role, you’ll develop high-performance data access layers and scalable databases, integrate information from systems such as PLM, ERP, and MES, and ensure seamless, reliable data flow across the enterprise. You’ll continuously monitor and optimize performance to meet the demands of real-time, high-speed data operations, and maintain strong documentation to keep the system transparent and auditable.
You’ll work closely with software engineers, data scientists, and manufacturing technologists across Anduril in a high-tech, fast-paced culture of innovation. If you’re driven to build data systems that are fast, resilient, and deeply connected to real-world production, you’ll be helping build the future of digital shipbuilding and the next generation of maritime vehicles.
#### WHAT YOU'LL DO
* Design and Implement Data Access Layers: Develop high-performance data access layers to handle massive datasets, ensuring quick and efficient data retrieval and processing.
* Database Design and Management: Design, implement, and maintain scalable databases suitable for high-speed, high-throughput data operations.
* Data Integration: Integrate data from various business systems including PLM, ERP, and MES, ensuring seamless and efficient data flow.
* Performance Optimization: Monitor and optimize the performance of data access layers and databases to meet the demands of large-scale, real-time data processing.
* Collaborate with Cross-Functional Teams: Work closely with software engineers, data scientists, and other stakeholders to ensure the data architecture supports various applications and analytical needs.
* Maintain Documentation: Write and maintain comprehensive documentation for data access layers, databases, and data integration processes.
#### REQUIRED QUALIFICATIONS
* Proficiency in database management systems (e.g., SQL, NoSQL databases like MongoDB, Cassandra).
* Experience with data warehousing solutions (e.g., Amazon Redshift, Google BigQuery).
* Strong understanding of data architecture principles and best practices.
* Proficiency in programming languages used for data engineering (e.g., Python, Java, Scala).
* Experience with big data technologies (e.g., Hadoop, Spark).
* Familiarity with cloud platforms and services (e.g., AWS, Azure, GCP).
* Strong problem-solving skills and ability to handle large volumes of data.
* Excellent collaboration and communication abilities.
* Eligible to obtain and maintain an active U.S. Secret security clearance.
#### PREFERRED QUALIFICATIONS
* Previous experience in a manufacturing or industrial setting.
* Experience with real-time data processing and stream processing technologies (e.g., Kafka, Flink).
* Knowledge of data governance and data quality management practices.
* Familiarity with containerization (Docker) and orchestration (Kubernetes).
US Salary Range
$146,000—$194,000 USD
The salary range for this role is an estimate based on a wide range of compensation factors, inclusive of base salary only. Actual salary offer may vary based on (but not limited to) work experience, education and/or training, critical skills, and/or business considerations. Highly competitive equity grants are included in the majority of full time offers; and are considered part of Anduril's total compensation package. Additionally, Anduril offers top-tier benefits for full-time employees, including:
### **Benefits**
At Anduril, we invest in our people. Our comprehensive, competitive benefits package (available at little to no cost to employees) ensures you’re supported in health, recovery, and whatever comes next. *For more information, [Explore Our Benefits](https://www.anduril.com/careers).*
### **Protecting Yourself from Recruitment Scams**
Anduril is committed to maintaining the integrity of our Talent acquisition process and the security of our candidates. We've observed a rise in sophisticated phishing and fraudulent schemes where individuals impersonate Anduril representatives, luring job seekers with false interviews or job offers. These scammers often attempt to extract payment or sensitive personal information.
To ensure your safety and help you navigate your job search with confidence, please keep the following critical points in mind:
* **No Financial Requests:**Anduril will never solicit payment or demand personal financial details (such as banking information, credit card numbers, or social security numbers) at any stage of our hiring process. Our legitimate recruitment is entirely free for candidates.
* **Please always verify communications:**
  + Direct from Anduril: If you receive an email from one of our recruiters, it will *only* come from an `@anduril.com` address.
  + Via Agency Partner: If contacted by a recruiting agency for an Anduril role, their email will clearly identify their agency. If you suspect any suspicious activity, please verify the agency's authenticity by reaching out to [contact@anduril.com](mailto:contact@anduril.com).
* **Exercise Caution with Unsolicited Outreach:** If you receive any communication that appears suspicious, contains grammatical errors, or makes unusual requests, do not engage. Always confirm the sender's email domain is @anduril.com before providing any personal information or clicking on links.
* **What to Do If You Suspect Fraud:** Should you encounter any questionable or fraudulent outreach claiming to be from Anduril, please report it immediately to [contact@anduril.com](mailto:contact@anduril.com). Your proactive caution is invaluable in protecting your personal information and upholding the security and trustworthiness of our recruitment efforts.
###
### **Data Privacy**
To view Anduril's candidate data privacy policy, please visit <https://anduril.com/applicant-privacy-notice/>.
By submitting your application, you consent to Anduril Industries using a third-party service provider to conduct pre-employment risk, integrity, and due diligence screening and assessing potential risks as part of your application process. This third-party service provider provides risk-intelligence services that may include analysis of sanctions and watchlists, adverse media, public-record information, and other lawful open-source or commercial data sources. This third-party service provider does not act as a consumer reporting agency. Use of this provider helps to ensure compliance with applicable laws and protect technology, intellectual property, and organizational security.",https://boards.greenhouse.io/andurilindustries/jobs/4991618007?gh_jid=4991618007,2026-05-22T19:45:40.796255+00:00,,10,,,,,0,,,0,2026-05-22T19:49:25.858884+00:00,applied,,2.0,,2026-05-22T19:48:29.863986+00:00,52827.0,,,"{""First Name"": ""Manuel"", ""Last Name"": ""Montes"", ""Email"": ""manuel.montes0@gmail.com"", ""Phone"": ""+1 (336) 423-2987"", ""Resume/CV"": ""C:\\Users\\manue\\.applypilot\\resume.pdf"", ""Cover Letter"": ""C:\\Users\\manue\\.applypilot\\resume.pdf"", ""LinkedIn Profile"": ""www.linkedin.com/in/manueldmontes"", ""Website"": """", ""Will you require sponsorship from Anduril for employment now or in the future (e.g, H1B visa)?"": ""No"", ""DisabilityStatus"": ""Not Disabled"", ""VeteranStatus"": ""Not a Veteran"", ""Gender"": ""Male"", ""CLEARANCE ELIGIBILITY - This position requires eligibility to obtain and maintain a U.S. security clearance. (REQUIRED)"": ""Yes"", ""If you have held a U.S. security clearance in the past, what clearance level have you held?  (REQUIRED)"": ""None"", ""EXPORT CONTROLS - This position requires access to information and technology that is subject to U.S. export controls. Your responses to the questions below will be used solely to determine your eligibility under U.S. law to receive information and materials subject to U.S. export controls. (REQUIRED)"": ""Yes"", ""U.S. WORK AUTHORIZATION (REQUIRED)"": ""Yes"", ""HISTORY WITH ANDURIL (REQUIRED)"": ""No"", ""Have you ever been employed by Anduril or any company that Anduril has acquired? (REQUIRED)"": ""No"", ""CONFLICT OF INTEREST (REQUIRED)"": ""No"", ""Are you eligible to obtain and maintain an active U.S. Secret security clearance? (REQUIRED)"": ""Yes"", ""Are you able to be onsite 4-5 days a week in Costa Mesa, CA? (REQUIRED)"": ""Yes"", ""How did you hear about Anduril? (REQUIRED)"": ""LinkedIn"", ""If other, please specify"": """"}",https://boards-api.greenhouse.io/v1/boards/andurilindustries/jobs/4991618007?questions=true,"[{""id"": ""first_name"", ""label"": ""First Name"", ""required"": true, ""type"": ""input_text"", ""applicant_answer"": ""Manuel"", ""llm_found_submit"": ""submit_found_dry_run""}, {""id"": ""last_name"", ""label"": ""Last Name"", ""required"": true, ""type"": ""input_text"", ""applicant_answer"": ""Montes"", ""llm_found_submit"": ""submit_found_dry_run""}, {""id"": ""email"", ""label"": ""Email"", ""required"": true, ""type"": ""input_text"", ""applicant_answer"": ""manuel.montes0@gmail.com"", ""llm_found_submit"": ""submit_found_dry_run""}, {""id"": ""phone"", ""label"": ""Phone"", ""required"": true, ""type"": ""input_text"", ""applicant_answer"": ""+1 (336) 423-2987"", ""llm_found_submit"": ""submit_found_dry_run""}, {""id"": ""resume"", ""label"": ""Resume/CV"", ""required"": true, ""type"": ""input_file"", ""applicant_answer"": ""C:\\Users\\manue\\.applypilot\\resume.pdf"", ""llm_found_submit"": ""submit_found_dry_run""}, {""id"": ""resume_text"", ""label"": ""Resume/CV"", ""required"": true, ""type"": ""textarea"", ""applicant_answer"": ""C:\\Users\\manue\\.applypilot\\resume.pdf"", ""llm_found_submit"": ""submit_found_dry_run""}, {""id"": ""cover_letter"", ""label"": ""Cover Letter"", ""required"": false, ""type"": ""input_file"", ""applicant_answer"": ""C:\\Users\\manue\\.applypilot\\resume.pdf"", ""llm_found_submit"": ""submit_found_dry_run""}, {""id"": ""cover_letter_text"", ""label"": ""Cover Letter"", ""required"": false, ""type"": ""textarea"", ""applicant_answer"": ""answer_not_found"", ""llm_found_submit"": ""submit_found_dry_run""}, {""id"": ""question_10887355007"", ""label"": ""LinkedIn Profile"", ""required"": false, ""type"": ""input_text"", ""applicant_answer"": ""www.linkedin.com/in/manueldmontes"", ""llm_found_submit"": ""submit_found_dry_run""}, {""id"": ""question_10887356007"", ""label"": ""Website"", ""required"": false, ""type"": ""input_text"", ""applicant_answer"": """", ""llm_found_submit"": ""submit_found_dry_run""}, {""id"": ""question_10887357007"", ""label"": ""CLEARANCE ELIGIBILITY - This position requires eligibility to obtain and maintain a U.S. security clearance."", ""required"": true, ""type"": ""multi_value_single_select"", ""applicant_answer"": ""answer_not_found"", ""llm_found_submit"": ""submit_found_dry_run""}, {""id"": ""question_10887358007"", ""label"": ""If you have held a U.S. security clearance in the past, what clearance level have you held? "", ""required"": true, ""type"": ""multi_value_single_select"", ""applicant_answer"": ""answer_not_found"", ""llm_found_submit"": ""submit_found_dry_run""}, {""id"": ""question_10887359007"", ""label"": ""EXPORT CONTROLS - This position requires access to information and technology that is subject to U.S. export controls. Your responses to the questions below will be used solely to determine your eligibility under U.S. law to receive information and materials subject to U.S. export controls."", ""required"": true, ""type"": ""multi_value_single_select"", ""applicant_answer"": ""answer_not_found"", ""llm_found_submit"": ""submit_found_dry_run""}, {""id"": ""question_10887360007"", ""label"": ""U.S. WORK AUTHORIZATION"", ""required"": true, ""type"": ""multi_value_single_select"", ""applicant_answer"": ""answer_not_found"", ""llm_found_submit"": ""submit_found_dry_run""}, {""id"": ""question_10887361007"", ""label"": ""Will you require sponsorship from Anduril for employment now or in the future (e.g, H1B visa)?"", ""required"": true, ""type"": ""multi_value_single_select"", ""applicant_answer"": ""No"", ""llm_found_submit"": ""submit_found_dry_run""}, {""id"": ""question_10887362007"", ""label"": ""HISTORY WITH ANDURIL"", ""required"": true, ""type"": ""multi_value_single_select"", ""applicant_answer"": ""answer_not_found"", ""llm_found_submit"": ""submit_found_dry_run""}, {""id"": ""question_10887363007"", ""label"": ""Have you ever been employed by Anduril or any company that Anduril has acquired?"", ""required"": true, ""type"": ""multi_value_single_select"", ""applicant_answer"": ""answer_not_found"", ""llm_found_submit"": ""submit_found_dry_run""}, {""id"": ""question_10887364007"", ""label"": ""CONFLICT OF INTEREST"", ""required"": true, ""type"": ""multi_value_single_select"", ""applicant_answer"": ""answer_not_found"", ""llm_found_submit"": ""submit_found_dry_run""}, {""id"": ""question_10887365007"", ""label"": ""Are you eligible to obtain and maintain an active U.S. Secret security clearance?"", ""required"": true, ""type"": ""multi_value_single_select"", ""applicant_answer"": ""answer_not_found"", ""llm_found_submit"": ""submit_found_dry_run""}, {""id"": ""question_10887366007"", ""label"": ""Are you able to be onsite 4-5 days a week in Costa Mesa, CA?"", ""required"": true, ""type"": ""multi_value_single_select"", ""applicant_answer"": ""answer_not_found"", ""llm_found_submit"": ""submit_found_dry_run""}, {""id"": ""question_10887367007"", ""label"": ""How did you hear about Anduril?"", ""required"": true, ""type"": ""multi_value_single_select"", ""applicant_answer"": ""answer_not_found"", ""llm_found_submit"": ""submit_found_dry_run""}, {""id"": ""question_10887368007"", ""label"": ""If other, please specify"", ""required"": false, ""type"": ""input_text"", ""applicant_answer"": ""answer_not_found"", ""llm_found_submit"": ""submit_found_dry_run""}, {""id"": ""disability_status"", ""label"": ""DisabilityStatus"", ""required"": false, ""type"": ""multi_value_single_select"", ""applicant_answer"": ""Not Disabled"", ""llm_found_submit"": ""submit_found_dry_run""}, {""id"": ""veteran_status"", ""label"": ""VeteranStatus"", ""required"": false, ""type"": ""multi_value_single_select"", ""applicant_answer"": ""Not a Veteran"", ""llm_found_submit"": ""submit_found_dry_run""}, {""id"": ""race"", ""label"": ""Race"", ""required"": false, ""type"": ""multi_value_single_select"", ""applicant_answer"": ""Hispanic/Latino"", ""llm_found_submit"": ""submit_found_dry_run""}, {""id"": ""gender"", ""label"": ""Gender"", ""required"": false, ""type"": ""multi_value_single_select"", ""applicant_answer"": ""Male"", ""llm_found_submit"": ""submit_found_dry_run""}]",
https://boards.greenhouse.io/andurilindustries/jobs/5078991007?gh_jid=5078991007,Staff Data Engineer,,,"Costa Mesa, California, United States",andurilindustries,greenhouse,2026-05-20T19:38:38.572890+00:00,"Anduril Industries is a defense technology company with a mission to transform U.S. and allied military capabilities with advanced technology. By bringing the expertise, technology, and business model of the 21st century’s most innovative companies to the defense industry, Anduril is changing how military systems are designed, built and sold. Anduril’s family of systems is powered by Lattice OS, an AI-powered operating system that turns thousands of data streams into a realtime, 3D command and control center. As the world enters an era of strategic competition, Anduril is committed to bringing cutting-edge autonomy, AI, computer vision, sensor fusion, and networking technology to the military in months, not years.
### ABOUT THE TEAM
As a Staff Data Engineer on the Analytics Team, you will be collaborating with stakeholders across the company to design, build and implement data pipelines and models that enable our next generation of technology to be deployed around the world. You will also shape the current and future vision of the entire data platform. The Analytics space is engrained in our team’s DNA, as we regularly discuss shifts in the industry and keep up with the top relevant blogs. If this culture and Anduril’s mission speaks to you, you’ve found the right place.
### **ABOUT THE JOB**
We’re looking for Software and Data Engineers who are seeking high impact collaborative roles focused on driving operational execution. Ideally you are looking to learn what it takes to build the next generation of defense technology. As a Staff Engineer, you should be a player-coach; your role is to set an example for your team and define what great looks like while also being their advocate & mentor. Your leadership should take a high performing team on towards the next level
#### **WHAT YOU'LL DO**
* Lead the design and roadmap for our data platform
* Partner with operations, product, and engineering to advocate best practices and build supporting systems and infrastructure for the various data needs
* Own the ingest and egress frameworks for data pipelines that stitch together various data sources in order to produce valuable data products that drive the business
* Palantir Foundry is our central hub for data driven applications, visualizations and large scale data analysis across the Anduril org. We manage a large user base and provide true data self service at scale.
* We use SQLMesh for data transformations, giving our engineers the ability to work with SQL while enjoying software engineering best practices like version control, testing, and CI/CD for data pipelines.
* For querying data, we utilize Athena, an aws serverless solution that allows our team to run analytics directly on our data lake without managing infrastructure.
* We've implemented Apache Iceberg as our table format, providing advanced data management capabilities like schema evolution and time travel queries.
* We use Flyte for orchestration. It is a highly scalable, kubernetes native modern orchestration platform similar to Airflow or Dagster.
* Operate in a ""player-coach"" capacity, leading members of the team, while remaining hands on as a contributor
**REQUIRED QUALIFICATIONS**
* 6+ years of experience in a data engineering role building products, ideally in a fast-paced environment
* 2+ years in a Lead role, demonstrating autonomy and process ownership
* You are motivated by our mission. We are working to solve the biggest problems in defense
* Good foundations in Python or another language
* Experience with Spark, PySpark, SQL and dbt
* Experience with Enterprise Data Systems like Palantir Foundry
* Experience with or interest in learning how to develop data services and data products
* Experience with AWS, Azure, or GCP security ecosystem, containerization, and associated tooling
* Knowledge of data & visualization tools, such as Tableau
* Understand the importance of engineering with security’s best practices in mind
* You are empathetic: you are eager to see the world from your users’ perspective
* You’re energized by business impact & a self-starter: you love to drive the direction of ambiguous projects
* Drive to take ownership of and debug complex data transformation pipelines and data models
* Must be a U.S. Person due to required access to U.S. export controlled information or facilities
US Salary Range
$191,000—$253,000 USD
The salary range for this role is an estimate based on a wide range of compensation factors, inclusive of base salary only. Actual salary offer may vary based on (but not limited to) work experience, education and/or training, critical skills, and/or business considerations. Highly competitive equity grants are included in the majority of full time offers; and are considered part of Anduril's total compensation package. Additionally, Anduril offers top-tier benefits for full-time employees, including:
### **Benefits**
At Anduril, we invest in our people. Our comprehensive, competitive benefits package (available at little to no cost to employees) ensures you’re supported in health, recovery, and whatever comes next. *For more information, [Explore Our Benefits](https://www.anduril.com/careers).*
### **Protecting Yourself from Recruitment Scams**
Anduril is committed to maintaining the integrity of our Talent acquisition process and the security of our candidates. We've observed a rise in sophisticated phishing and fraudulent schemes where individuals impersonate Anduril representatives, luring job seekers with false interviews or job offers. These scammers often attempt to extract payment or sensitive personal information.
To ensure your safety and help you navigate your job search with confidence, please keep the following critical points in mind:
* **No Financial Requests:**Anduril will never solicit payment or demand personal financial details (such as banking information, credit card numbers, or social security numbers) at any stage of our hiring process. Our legitimate recruitment is entirely free for candidates.
* **Please always verify communications:**
  + Direct from Anduril: If you receive an email from one of our recruiters, it will *only* come from an `@anduril.com` address.
  + Via Agency Partner: If contacted by a recruiting agency for an Anduril role, their email will clearly identify their agency. If you suspect any suspicious activity, please verify the agency's authenticity by reaching out to [contact@anduril.com](mailto:contact@anduril.com).
* **Exercise Caution with Unsolicited Outreach:** If you receive any communication that appears suspicious, contains grammatical errors, or makes unusual requests, do not engage. Always confirm the sender's email domain is @anduril.com before providing any personal information or clicking on links.
* **What to Do If You Suspect Fraud:** Should you encounter any questionable or fraudulent outreach claiming to be from Anduril, please report it immediately to [contact@anduril.com](mailto:contact@anduril.com). Your proactive caution is invaluable in protecting your personal information and upholding the security and trustworthiness of our recruitment efforts.
###
### **Data Privacy**
To view Anduril's candidate data privacy policy, please visit <https://anduril.com/applicant-privacy-notice/>.
By submitting your application, you consent to Anduril Industries using a third-party service provider to conduct pre-employment risk, integrity, and due diligence screening and assessing potential risks as part of your application process. This third-party service provider provides risk-intelligence services that may include analysis of sanctions and watchlists, adverse media, public-record information, and other lawful open-source or commercial data sources. This third-party service provider does not act as a consumer reporting agency. Use of this provider helps to ensure compliance with applicable laws and protect technology, intellectual property, and organizational security.",https://boards.greenhouse.io/andurilindustries/jobs/5078991007?gh_jid=5078991007,2026-05-22T19:45:40.796255+00:00,,10,,,,,0,,,0,2026-05-22T19:50:59.694528+00:00,applied,,,,2026-05-22T19:50:15.034698+00:00,41369.0,,,"{""First Name"": ""Manuel"", ""Last Name"": ""Montes"", ""Preferred First Name"": ""Manuel"", ""Email"": ""manuel.montes0@gmail.com"", ""Phone"": ""+1 (336) 423-2987"", ""Resume/CV"": ""C:\\Users\\manue\\.applypilot\\resume.pdf"", ""Cover Letter"": ""C:\\Users\\manue\\.applypilot\\resume.pdf"", ""Website"": """", ""Will you require sponsorship from Anduril for employment now or in the future (e.g, H1B visa)?"": ""No"", ""LinkedIn Profile"": ""www.linkedin.com/in/manueldmontes"", ""DisabilityStatus"": ""Not Disabled"", ""VeteranStatus"": ""Not a Veteran"", ""Gender"": ""Male"", ""CLEARANCE ELIGIBILITY - This position requires eligibility to obtain and maintain a U.S. security clearance."": ""Yes"", ""If you have held a U.S. security clearance in the past, what clearance level have you held?"": ""None"", ""EXPORT CONTROLS - This position requires access to information and technology that is subject to U.S. export controls. Your responses to the questions below will be used solely to determine your eligibility under U.S. law to receive information and materials subject to U.S. export controls."": ""Yes"", ""U.S. WORK AUTHORIZATION"": ""Yes"", ""HISTORY WITH ANDURIL"": ""No"", ""Have you ever been employed by Anduril or any company that Anduril has acquired?"": ""No"", ""CONFLICT OF INTEREST"": ""No"", ""How did you hear about Anduril?"": ""LinkedIn"", ""If other, please specify"": """", ""Are you willing to work in-office at our HQ in Costa Mesa, CA?"": ""Yes""}",https://boards-api.greenhouse.io/v1/boards/andurilindustries/jobs/5078991007?questions=true,"[{""id"": ""first_name"", ""label"": ""First Name"", ""required"": true, ""type"": ""input_text"", ""applicant_answer"": ""Manuel"", ""llm_found_submit"": ""submit_found_dry_run""}, {""id"": ""last_name"", ""label"": ""Last Name"", ""required"": true, ""type"": ""input_text"", ""applicant_answer"": ""Montes"", ""llm_found_submit"": ""submit_found_dry_run""}, {""id"": ""preferred_name"", ""label"": ""Preferred First Name"", ""required"": false, ""type"": ""input_text"", ""applicant_answer"": ""Manuel"", ""llm_found_submit"": ""submit_found_dry_run""}, {""id"": ""email"", ""label"": ""Email"", ""required"": true, ""type"": ""input_text"", ""applicant_answer"": ""manuel.montes0@gmail.com"", ""llm_found_submit"": ""submit_found_dry_run""}, {""id"": ""phone"", ""label"": ""Phone"", ""required"": true, ""type"": ""input_text"", ""applicant_answer"": ""+1 (336) 423-2987"", ""llm_found_submit"": ""submit_found_dry_run""}, {""id"": ""resume"", ""label"": ""Resume/CV"", ""required"": true, ""type"": ""input_file"", ""applicant_answer"": ""C:\\Users\\manue\\.applypilot\\resume.pdf"", ""llm_found_submit"": ""submit_found_dry_run""}, {""id"": ""resume_text"", ""label"": ""Resume/CV"", ""required"": true, ""type"": ""textarea"", ""applicant_answer"": ""C:\\Users\\manue\\.applypilot\\resume.pdf"", ""llm_found_submit"": ""submit_found_dry_run""}, {""id"": ""cover_letter"", ""label"": ""Cover Letter"", ""required"": false, ""type"": ""input_file"", ""applicant_answer"": ""C:\\Users\\manue\\.applypilot\\resume.pdf"", ""llm_found_submit"": ""submit_found_dry_run""}, {""id"": ""cover_letter_text"", ""label"": ""Cover Letter"", ""required"": false, ""type"": ""textarea"", ""applicant_answer"": ""answer_not_found"", ""llm_found_submit"": ""submit_found_dry_run""}, {""id"": ""question_11553104007"", ""label"": ""Website"", ""required"": false, ""type"": ""input_text"", ""applicant_answer"": """", ""llm_found_submit"": ""submit_found_dry_run""}, {""id"": ""question_11553105007"", ""label"": ""CLEARANCE ELIGIBILITY - This position requires eligibility to obtain and maintain a U.S. security clearance."", ""required"": true, ""type"": ""multi_value_single_select"", ""applicant_answer"": ""answer_not_found"", ""llm_found_submit"": ""submit_found_dry_run""}, {""id"": ""question_11553106007"", ""label"": ""If you have held a U.S. security clearance in the past, what clearance level have you held? "", ""required"": true, ""type"": ""multi_value_single_select"", ""applicant_answer"": ""answer_not_found"", ""llm_found_submit"": ""submit_found_dry_run""}, {""id"": ""question_11553107007"", ""label"": ""EXPORT CONTROLS - This position requires access to information and technology that is subject to U.S. export controls. Your responses to the questions below will be used solely to determine your eligibility under U.S. law to receive information and materials subject to U.S. export controls."", ""required"": true, ""type"": ""multi_value_single_select"", ""applicant_answer"": ""answer_not_found"", ""llm_found_submit"": ""submit_found_dry_run""}, {""id"": ""question_11553108007"", ""label"": ""U.S. WORK AUTHORIZATION"", ""required"": true, ""type"": ""multi_value_single_select"", ""applicant_answer"": ""answer_not_found"", ""llm_found_submit"": ""submit_found_dry_run""}, {""id"": ""question_11553109007"", ""label"": ""Will you require sponsorship from Anduril for employment now or in the future (e.g, H1B visa)?"", ""required"": true, ""type"": ""multi_value_single_select"", ""applicant_answer"": ""No"", ""llm_found_submit"": ""submit_found_dry_run""}, {""id"": ""question_11553110007"", ""label"": ""HISTORY WITH ANDURIL"", ""required"": true, ""type"": ""multi_value_single_select"", ""applicant_answer"": ""answer_not_found"", ""llm_found_submit"": ""submit_found_dry_run""}, {""id"": ""question_11553111007"", ""label"": ""Have you ever been employed by Anduril or any company that Anduril has acquired?"", ""required"": true, ""type"": ""multi_value_single_select"", ""applicant_answer"": ""answer_not_found"", ""llm_found_submit"": ""submit_found_dry_run""}, {""id"": ""question_11553112007"", ""label"": ""CONFLICT OF INTEREST"", ""required"": true, ""type"": ""multi_value_single_select"", ""applicant_answer"": ""answer_not_found"", ""llm_found_submit"": ""submit_found_dry_run""}, {""id"": ""question_11553113007"", ""label"": ""LinkedIn Profile"", ""required"": false, ""type"": ""input_text"", ""applicant_answer"": ""www.linkedin.com/in/manueldmontes"", ""llm_found_submit"": ""submit_found_dry_run""}, {""id"": ""question_11553114007"", ""label"": ""How did you hear about Anduril?"", ""required"": true, ""type"": ""multi_value_single_select"", ""applicant_answer"": ""answer_not_found"", ""llm_found_submit"": ""submit_found_dry_run""}, {""id"": ""question_11553115007"", ""label"": ""If other, please specify"", ""required"": false, ""type"": ""input_text"", ""applicant_answer"": ""answer_not_found"", ""llm_found_submit"": ""submit_found_dry_run""}, {""id"": ""question_11553116007[]"", ""label"": ""Are you willing to work in-office at our HQ in Costa Mesa, CA?"", ""required"": true, ""type"": ""multi_value_multi_select"", ""applicant_answer"": ""answer_not_found"", ""llm_found_submit"": ""submit_found_dry_run""}, {""id"": ""disability_status"", ""label"": ""DisabilityStatus"", ""required"": false, ""type"": ""multi_value_single_select"", ""applicant_answer"": ""Not Disabled"", ""llm_found_submit"": ""submit_found_dry_run""}, {""id"": ""veteran_status"", ""label"": ""VeteranStatus"", ""required"": false, ""type"": ""multi_value_single_select"", ""applicant_answer"": ""Not a Veteran"", ""llm_found_submit"": ""submit_found_dry_run""}, {""id"": ""race"", ""label"": ""Race"", ""required"": false, ""type"": ""multi_value_single_select"", ""applicant_answer"": ""Hispanic/Latino"", ""llm_found_submit"": ""submit_found_dry_run""}, {""id"": ""gender"", ""label"": ""Gender"", ""required"": false, ""type"": ""multi_value_single_select"", ""applicant_answer"": ""Male"", ""llm_found_submit"": ""submit_found_dry_run""}]",
https://job-boards.greenhouse.io/archer56/jobs/7593968003,Data Engineer,,,"San Jose, California, United States",archer56,greenhouse,2026-05-20T19:38:38.572890+00:00,,,,,10,,,,,0,,,0,,,,,,,,,,,,,
https://job-boards.greenhouse.io/arine/jobs/5741043004,Staff Data Engineer,,,Remote (United States of America),arine,greenhouse,2026-05-20T19:38:38.572890+00:00,,,,,10,,,,,0,,,0,,,,,,,,,,,,,
https://job-boards.greenhouse.io/beyondtrust/jobs/6602214,Sr Data Engineer,,,Remote United States | Remote Canada,beyondtrust,greenhouse,2026-05-20T19:38:38.572890+00:00,,,,,10,,,,,0,,,0,,,,,,,,,,,,,
https://job-boards.greenhouse.io/blastpoint/jobs/5107490007,Data Engineer,,,Remote - US,blastpoint,greenhouse,2026-05-20T19:38:38.572890+00:00,,,,,10,,,,,0,,,0,,,,,,,,,,,,,
https://www.brex.com/careers/8366850002?gh_jid=8366850002,Data Engineer,,,"San Francisco, California, United States",brex,greenhouse,2026-05-20T19:38:38.572890+00:00,"**Why join us**
Brex is the intelligent finance platform that enables companies to spend smarter and move faster in more than 200 markets. By combining global corporate cards and banking with intuitive spend management, bill pay, and travel software, Brex enables founders and finance teams to accelerate operations, gain real-time visibility, and control spend effortlessly. Brex’s AI-native automation and world-class service eliminate manual expense and accounting tasks for customers so they can focus on what matters most. Tens of thousands of the world's best companies run on Brex, including DoorDash, Coinbase, Robinhood, Zoom, Plaid, Reddit, and SeatGeek.
Working at Brex allows you to push your limits, challenge the status quo, and collaborate with some of the brightest minds in the industry. We’re committed to building a diverse team and inclusive culture and believe your potential should only be limited by how big you can dream. We make this a reality by empowering you with the tools, resources, and support you need to grow your career.
**Data at Brex**
Our Scientists and Engineers work together to make data — and insights derived from data — a core asset across Brex. But it's more than just crunching numbers. The Data team at Brex develops infrastructure, statistical models, and products using data. Our work is ingrained in Brex's decision-making process, the efficiency of our operations, our risk management policies, and the unparalleled experience we provide our customers.
**What You’ll Do**As a Data Engineer at Brex, you will be a core contributor in transforming raw data into actionable insights for various departments across the organization. You'll collaborate closely with Data Scientists, Software Engineers, and business units to create efficient data models, pipelines, and analytics frameworks that drive the business forward. You also play a leading role in the design, implementation, and maintenance of Core Data tables, our high-quality, curated data source for a wide range of analytic applications.
**Where you’ll work**
This role will be based in our San Francisco office. We are a hybrid environment that combines the energy and connections of being in the office with the benefits and flexibility of working from home. We currently require a minimum of three coordinated days in the office per week, Monday, Wednesday and Thursday. As a perk, we also have up to four weeks per year of fully remote work!
**Responsibilities:**
* Design, build, and maintain data models and pipelines that scale with the growing number of services, products, and changes in the company.
* Collaborate closely with Data Scientists, Data Analysts, and Business teams to understand their data needs, translating them into robust, efficient, scalable data solutions that enable ease of predictive analytics, data analysis, and metrics formulation.
* Maintain data documentation and definitions, building and ensuring that source-of-truth tables remain high quality for data science and reporting applications.
* Develop and enable integration with various data sources, allowing for more data-driven initiatives across the company.
* Apply best practices in data management to ensure the reliability and robustness of data utilized across various analytics applications.
* Set and proliferate company-wide standards for data relating to structure, quality, and expectations.
* Act as a liaison between the technical and non-technical teams, bridging gaps and ensuring that data solutions align with business objectives.
* Use agentic AI where it speeds up pipeline and quality work, without skipping validation.
**Requirements:**
* 3+ years of experience in Data Engineering, Data Analytics, or a related field such as Analytics Engineering.
* Advanced knowledge of databases and SQL with the ability to efficiently stage, process, and transform data.
* Experience integrating and orchestrating data workflows with various modern data tools and systems.
* Experience with data modeling, ETL/ELT processes, and data warehousing solutions.
* Experience working with a data warehouse such as Snowflake.
* Experience with a data workflow orchestrator tool such as Airflow.
* Experience with a programming language such as Python.
* Experience with agentic AI.
* Exceptional quantitative and analytical skills.
* Strong communication skills and ability to collaborate with various stakeholders, both technical and non-technical.
**Nice to have:**
* Familiarity with BI tools such as Looker, Tableau, or similar platforms.
* Solid dbt in production: models, tests, docs, and collaboration in a shared repo.
* AI-ready data: Metrics and dimensions are clear and reusable so AI-assisted analysis does not fork definitions.
* Experience with Salesforce data integration.
**Compensation:**
The expected salary range for this role is $120,800 - $151,000. However, the starting base pay will depend on a number of factors including the candidate’s location, skills, experience, market demands, and internal pay parity. Depending on the position offered, equity and other forms of compensation may be provided as part of a total compensation package.
Brex LLC is a wholly owned subsidiary of Capital One, N.A.
*Please be aware, job-seekers may be at risk of targeting by malicious actors looking for personal data. Brex recruiters will only reach out via LinkedIn or email with a [brex.com](http://brex.com/) domain. Any outreach claiming to be from Brex via other sources should be ignored.*",https://www.brex.com/careers/8366850002?gh_jid=8366850002,2026-05-22T19:45:44.547059+00:00,,10,,,,,0,,,0,,failed,"Page.goto: Timeout 60000ms exceeded.
Call log:
  - navigating to ""https://www.brex.com/careers/83668",3.0,,2026-05-22T19:55:14.955739+00:00,79719.0,,,{},https://boards-api.greenhouse.io/v1/boards/brex/jobs/8366850002?questions=true,"{""absolute_url"": ""https://www.brex.com/careers/8366850002?gh_jid=8366850002"", ""data_compliance"": [{""type"": ""gdpr"", ""requires_consent"": false, ""requires_processing_consent"": false, ""requires_retention_consent"": false, ""retention_period"": null, ""demographic_data_consent_applies"": false}], ""internal_job_id"": 6340252002, ""location"": {""name"": ""San Francisco, California, United States""}, ""metadata"": [{""id"": 108496618002, ""name"": ""Job Post Department"", ""value"": ""Data"", ""value_type"": ""single_select""}], ""id"": 8366850002, ""updated_at"": ""2026-05-08T17:04:33-04:00"", ""requisition_id"": ""JR101307"", ""title"": ""Data Engineer"", ""company_name"": ""Brex"", ""first_published"": ""2026-01-08T17:13:05-05:00"", ""language"": ""en"", ""application_deadline"": null, ""departments"": [{""id"": 4030317002, ""name"": ""Finance"", ""child_ids"": [], ""parent_id"": null}], ""offices"": [{""id"": 4084807002, ""name"": ""San Francisco, CA"", ""location"": ""San Francisco, California, United States"", ""child_ids"": [], ""parent_id"": 4041334002}, {""id"": 4084812002, ""name"": ""S\u00e3o Paulo"", ""location"": ""S\u00e3o Paulo, S\u00e3o Paulo, Brazil"", ""child_ids"": [], ""parent_id"": 4041337002}], ""compliance"": [{""type"": ""eeoc"", ""questions"": [], ""description"": ""&lt;p&gt;PUBLIC BURDEN STATEMENT: According to the Paperwork Reduction Act of 1995 no persons are required to respond to a collection of information unless such collection displays a valid OMB control number. This survey should take about 5 minutes to complete.&lt;/p&gt;\n""}, {""type"": ""eeoc"", ""questions"": [{""required"": false, ""label"": ""DisabilityStatus"", ""fields"": [{""name"": ""disability_status"", ""type"": ""multi_value_single_select"", ""values"": [{""label"": ""I do not want to answer"", ""value"": ""3""}, {""label"": ""No, I do not have a disability and have not had one in the past"", ""value"": ""2""}, {""label"": ""Yes, I have a disability, or have had one in the past"", ""value"": ""1""}]}]}], ""description"": ""&lt;h3&gt;&lt;strong&gt;Voluntary Self-Identification of Disability&lt;/strong&gt;&lt;/h3&gt;\n&lt;div style=&quot;display:flex; justify-content:space-between;&quot;&gt;\n  &lt;div&gt;\n    &lt;div&gt;Form CC-305&lt;/div&gt;\n    &lt;div&gt;Page 1 of 1&lt;/div&gt;\n  &lt;/div&gt;\n  &lt;div&gt;\n    &lt;div&gt;OMB Control Number 1250-0005&lt;/div&gt;\n    &lt;div&gt;Expires 04/30/2026&lt;/div&gt;\n  &lt;/div&gt;\n&lt;/div&gt;\n&lt;br&gt;\n&lt;strong&gt;Why are you being asked to complete this form?&lt;/strong&gt;\n&lt;p&gt;We are a federal contractor or subcontractor. The law requires us to provide equal employment opportunity to qualified people with disabilities. We have a goal of having at least 7% of our workers as people with disabilities. The law says we must measure our progress towards this goal. To do this, we must ask applicants and employees if they have a disability or have ever had one. People can become disabled, so we need to ask this question at least every five years.&lt;/p&gt;\n&lt;p&gt;Completing this form is voluntary, and we hope that you will choose to do so. Your answer is confidential. No one who makes hiring decisions will see it. Your decision to complete the form and your answer will not harm you in any way. If you want to learn more about the law or this form, visit the U.S. Department of Labor\u2019s Office of Federal Contract Compliance Programs (OFCCP) website at &lt;a href=&quot;https://www.dol.gov/ofccp&quot; target=&quot;_blank&quot;&gt;www.dol.gov/ofccp&lt;/a&gt;.&lt;/p&gt;\n&lt;strong&gt;How do you know if you have a disability?&lt;/strong&gt;\n&lt;p&gt;A disability is a condition that substantially limits one or more of your \u201cmajor life activities.\u201d If you have or have ever had such a condition, you are a person with a disability. &lt;strong&gt;Disabilities include, but are not limited to:&lt;/strong&gt;&lt;/p&gt;\n&lt;ul&gt;\n  &lt;li&gt;Alcohol or other substance use disorder (not currently using drugs illegally)&lt;/li&gt;\n  &lt;li&gt;Autoimmune disorder, for example, lupus, fibromyalgia, rheumatoid arthritis, HIV/AIDS&lt;/li&gt;\n  &lt;li&gt;Blind or low vision&lt;/li&gt;\n  &lt;li&gt;Cancer (past or present)&lt;/li&gt;\n  &lt;li&gt;Cardiovascular or heart disease&lt;/li&gt;\n  &lt;li&gt;Celiac disease&lt;/li&gt;\n  &lt;li&gt;Cerebral palsy&lt;/li&gt;\n  &lt;li&gt;Deaf or serious difficulty hearing&lt;/li&gt;\n  &lt;li&gt;Diabetes&lt;/li&gt;\n  &lt;li&gt;Disfigurement, for example, disfigurement caused by burns, wounds, accidents, or congenital disorders&lt;/li&gt;\n  &lt;li&gt;Epilepsy or other seizure disorder&lt;/li&gt;\n  &lt;li&gt;Gastrointestinal disorders, for example, Crohn&#39;s Disease, irritable bowel syndrome&lt;/li&gt;\n  &lt;li&gt;Intellectual or developmental disability&lt;/li&gt;\n  &lt;li&gt;Mental health conditions, for example, depression, bipolar disorder, anxiety disorder, schizophrenia, PTSD&lt;/li&gt;\n  &lt;li&gt;Missing limbs or partially missing limbs&lt;/li&gt;\n  &lt;li&gt;Mobility impairment, benefiting from the use of a wheelchair, scooter, walker, leg brace(s) and/or other supports&lt;/li&gt;\n  &lt;li&gt;Nervous system condition, for example, migraine headaches, Parkinson\u2019s disease, multiple sclerosis (MS)&lt;/li&gt;\n  &lt;li&gt;Neurodivergence, for example, attention-deficit/hyperactivity disorder (ADHD), autism spectrum disorder, dyslexia, dyspraxia, other learning disabilities&lt;/li&gt;\n  &lt;li&gt;Partial or complete paralysis (any cause)&lt;/li&gt;\n  &lt;li&gt;Pulmonary or respiratory conditions, for example, tuberculosis, asthma, emphysema&lt;/li&gt;\n  &lt;li&gt;Short stature (dwarfism)&lt;/li&gt;\n  &lt;li&gt;Traumatic brain injury&lt;/li&gt;\n&lt;/ul&gt;\n""}, {""type"": ""eeoc"", ""questions"": [{""required"": false, ""label"": ""VeteranStatus"", ""fields"": [{""name"": ""veteran_status"", ""type"": ""multi_value_single_select"", ""values"": [{""label"": ""I don't wish to answer"", ""value"": ""3""}, {""label"": ""I identify as one or more of the classifications of a protected veteran"", ""value"": ""2""}, {""label"": ""I am not a protected veteran"", ""value"": ""1""}]}]}], ""description"": ""&lt;p&gt;\n  If you believe you belong to any of the categories of protected veterans listed below, please indicate by making the appropriate selection.\n  As a government contractor subject to the Vietnam Era Veterans&#39; Readjustment Assistance Act (VEVRAA), we request this information in order to measure\n  the effectiveness of the outreach and positive recruitment efforts we undertake pursuant to VEVRAA. Classification of protected categories\n  is as follows:\n&lt;/p&gt;\n&lt;p&gt;A &quot;disabled veteran&quot; is one of the following: a veteran of the U.S. military, ground, naval or air service who is entitled to compensation (or who but for the receipt of military retired pay would be entitled to compensation) under laws administered by the Secretary of Veterans Affairs; or a person who was discharged or released from active duty because of a service-connected disability.&lt;/p&gt;\n&lt;p&gt;A &quot;recently separated veteran&quot; means any veteran during the three-year period beginning on the date of such veteran&#39;s discharge or release from active duty in the U.S. military, ground, naval, or air service.&lt;/p&gt;\n&lt;p&gt;An &quot;active duty wartime or campaign badge veteran&quot; means a veteran who served on active duty in the U.S. military, ground, naval or air service during a war, or in a campaign or expedition for which a campaign badge has been authorized under the laws administered by the Department of Defense.&lt;/p&gt;\n&lt;p&gt;An &quot;Armed forces service medal veteran&quot; means a veteran who, while serving on active duty in the U.S. military, ground, naval or air service, participated in a United States military operation for which an Armed Forces service medal was awarded pursuant to Executive Order 12985.&lt;/p&gt;\n""}, {""type"": ""eeoc"", ""questions"": [{""required"": false, ""label"": ""Race"", ""fields"": [{""name"": ""race"", ""type"": ""multi_value_single_select"", ""values"": [{""label"": ""Decline To Self Identify"", ""value"": ""8""}, {""label"": ""Two or More Races"", ""value"": ""7""}, {""label"": ""Native Hawaiian or Other Pacific Islander"", ""value"": ""6""}, {""label"": ""White"", ""value"": ""5""}, {""label"": ""Hispanic or Latino"", ""value"": ""4""}, {""label"": ""Black or African American"", ""value"": ""3""}, {""label"": ""Asian"", ""value"": ""2""}, {""label"": ""American Indian or Alaskan Native"", ""value"": ""1""}]}]}, {""required"": false, ""label"": ""Gender"", ""fields"": [{""name"": ""gender"", ""type"": ""multi_value_single_select"", ""values"": [{""label"": ""Decline To Self Identify"", ""value"": ""3""}, {""label"": ""Female"", ""value"": ""2""}, {""label"": ""Male"", ""value"": ""1""}]}]}], ""description"": ""&lt;h3&gt;&lt;strong&gt;Voluntary Self-Identification&lt;/strong&gt;&lt;/h3&gt;&lt;br/&gt;&lt;p&gt;For government reporting purposes, we ask candidates to respond to the below self-identification survey.\nCompletion of the form is entirely voluntary. Whatever your decision, it will not be considered in the hiring\nprocess or thereafter. Any information that you do provide will be recorded and maintained in a\nconfidential file.&lt;/p&gt;\n\n&lt;p&gt;As set forth in Brex\u2019s Equal Employment Opportunity policy,\nwe do not discriminate on the basis of any protected group status under any applicable law.&lt;/p&gt;\n""}], ""demographic_questions"": null, ""questions"": [{""description"": null, ""label"": ""First Name"", ""required"": true, ""fields"": [{""name"": ""first_name"", ""type"": ""input_text"", ""values"": []}]}, {""description"": null, ""label"": ""Last Name"", ""required"": true, ""fields"": [{""name"": ""last_name"", ""type"": ""input_text"", ""values"": []}]}, {""description"": null, ""label"": ""Preferred First Name"", ""required"": false, ""fields"": [{""name"": ""preferred_name"", ""type"": ""input_text"", ""values"": []}]}, {""description"": null, ""label"": ""Email"", ""required"": true, ""fields"": [{""name"": ""email"", ""type"": ""input_text"", ""values"": []}]}, {""description"": null, ""label"": ""Phone"", ""required"": true, ""fields"": [{""name"": ""phone"", ""type"": ""input_text"", ""values"": []}]}, {""description"": null, ""label"": ""Resume/CV"", ""required"": true, ""fields"": [{""name"": ""resume"", ""type"": ""input_file"", ""values"": []}, {""name"": ""resume_text"", ""type"": ""textarea"", ""values"": []}]}, {""description"": null, ""label"": ""Cover Letter"", ""required"": false, ""fields"": [{""name"": ""cover_letter"", ""type"": ""input_file"", ""values"": []}, {""name"": ""cover_letter_text"", ""type"": ""textarea"", ""values"": []}]}, {""description"": null, ""label"": ""LinkedIn Profile"", ""required"": false, ""fields"": [{""name"": ""question_34824729002"", ""type"": ""input_text"", ""values"": []}]}, {""description"": null, ""label"": ""Website or GitHub"", ""required"": false, ""fields"": [{""name"": ""question_34824730002"", ""type"": ""input_text"", ""values"": []}]}, {""description"": null, ""label"": ""What are your preferred gender pronouns? (She/Her/Hers; He/Him/His; They/Them/Theirs, etc.)"", ""required"": false, ""fields"": [{""name"": ""question_34824731002"", ""type"": ""input_text"", ""values"": []}]}, {""description"": null, ""label"": ""How did you hear about us?"", ""required"": true, ""fields"": [{""name"": ""question_34824732002"", ""type"": ""multi_value_single_select"", ""values"": [{""label"": ""Career Page"", ""value"": 219117214002}, {""label"": ""Referral"", ""value"": 219117215002}, {""label"": ""LinkedIn"", ""value"": 219117216002}, {""label"": ""Social Media (Instagram, X)"", ""value"": 219117217002}, {""label"": ""Glassdoor"", ""value"": 219117218002}, {""label"": ""RepVue"", ""value"": 219117219002}, {""label"": ""Brex Blog / Employee Stories"", ""value"": 219117220002}, {""label"": ""Brex Video / Ad"", ""value"": 219117221002}, {""label"": ""Event / Conference"", ""value"": 219117222002}, {""label"": ""News / Media / Podcast"", ""value"": 219117223002}, {""label"": ""Other"", ""value"": 219117224002}]}]}, {""description"": null, ""label"": ""If you heard about us through a referral, please state the Brex employee's name."", ""required"": false, ""fields"": [{""name"": ""question_34824733002"", ""type"": ""input_text"", ""values"": []}]}, {""description"": null, ""label"": ""What country are you based in?"", ""required"": true, ""fields"": [{""name"": ""question_34824735002"", ""type"": ""multi_value_single_select"", ""values"": [{""label"": ""Brazil"", ""value"": 219117228002}, {""label"": ""Canada"", ""value"": 219117229002}, {""label"": ""USA"", ""value"": 219117230002}, {""label"": ""Netherlands"", ""value"": 219117231002}, {""label"": ""United Kingdom"", ""value"": 219117232002}, {""label"": ""Other"", ""value"": 219117233002}]}]}, {""description"": null, ""label"": ""Are you authorized to work in the stated location of this role?\n"", ""required"": true, ""fields"": [{""name"": ""question_34824736002"", ""type"": ""multi_value_single_select"", ""values"": [{""label"": ""Yes"", ""value"": 1}, {""label"": ""No"", ""value"": 0}]}]}, {""description"": null, ""label"": ""If you're not authorized to work at the stated location, what sponsorship would you require for the role? "", ""required"": false, ""fields"": [{""name"": ""question_34824737002"", ""type"": ""input_text"", ""values"": []}]}, {""description"": null, ""label"": ""Do you currently live in, or plan to relocate to, the specified location to meet this in-office requirement?"", ""required"": true, ""fields"": [{""name"": ""question_34824738002"", ""type"": ""multi_value_single_select"", ""values"": [{""label"": ""Yes, I live here"", ""value"": 219117234002}, {""label"": ""Yes, I plan to relocate"", ""value"": 219117235002}, {""label"": ""No"", ""value"": 219117236002}]}]}, {""description"": ""<p style=\""text-align: left;\"">To read Brex's Applicant Privacy Policy, please click this link <a href=\""https://www.brex.com/legal/applicant-privacy-policy-global\"" target=\""_blank\"" rel=\""noopener\"">here</a>.</p>"", ""label"": ""Do you consent to Brex processing your personal information for the purpose of assessing your candidacy for this position in accordance with Brex\u2019s Applicant Privacy Policy?"", ""required"": true, ""fields"": [{""name"": ""question_34824739002"", ""type"": ""multi_value_single_select"", ""values"": [{""label"": ""Consent"", ""value"": 219117237002}]}]}, {""description"": null, ""label"": ""This role requires in-office work three days per week (Mon, Wed, Thurs). Do you acknowledge and agree to this requirement?"", ""required"": true, ""fields"": [{""name"": ""question_35686535002"", ""type"": ""multi_value_single_select"", ""values"": [{""label"": ""Yes, I\u2019m currently located here"", ""value"": 236566555002}, {""label"": ""Yes, I\u2019d relocate prior to the start of the role"", ""value"": 236566557002}, {""label"": ""No, I\u2019m not located nearby"", ""value"": 236566562002}]}]}, {""description"": null, ""label"": ""Do you currently, or have you previously, worked at Capital One or a company acquired by Capital One as an employee, contractor, consultant, or temp? (For example Capital One Bank, N.A., Capital One Services, Inc., Chevy Chase Bank, Discover, Hibernia, ING Direct, North Fork Bank)"", ""required"": true, ""fields"": [{""name"": ""question_36313189002"", ""type"": ""multi_value_single_select"", ""values"": [{""label"": ""Yes"", ""value"": 1}, {""label"": ""No"", ""value"": 0}]}]}, {""description"": null, ""label"": ""If you currently work, or have previously worked, at Capital One or a company acquired by Capital One, what is (or was) your Employee ID?"", ""required"": true, ""fields"": [{""name"": ""question_36313197002"", ""type"": ""input_text"", ""values"": []}]}], ""location_questions"": [{""description"": null, ""label"": ""Longitude"", ""required"": true, ""fields"": [{""name"": ""longitude"", ""type"": ""input_hidden"", ""values"": []}]}, {""description"": null, ""label"": ""Latitude"", ""required"": true, ""fields"": [{""name"": ""latitude"", ""type"": ""input_hidden"", ""values"": []}]}, {""description"": null, ""label"": ""Location"", ""required"": true, ""fields"": [{""name"": ""location"", ""type"": ""input_text"", ""values"": []}]}]}",
https://boards.greenhouse.io/capitaltg/jobs/4956466007?gh_jid=4956466007,Principal Data Engineer,,,Remote,capitaltg,greenhouse,2026-05-20T19:38:38.572890+00:00,,,,,10,,,,,0,,,0,,,,,,,,,,,,,
https://job-boards.greenhouse.io/capitalrx/jobs/5134998008,Data Engineer I,,,Remote,capitalrx,greenhouse,2026-05-20T19:38:38.572890+00:00,,,,,10,,,,,0,,,0,,,,,,,,,,,,,
https://job-boards.greenhouse.io/capitalrx/jobs/5134977008,Data Engineer II,,,Remote,capitalrx,greenhouse,2026-05-20T19:38:38.572890+00:00,,,,,10,,,,,0,,,0,,,,,,,,,,,,,
https://job-boards.greenhouse.io/capitalrx/jobs/5212026008,Underwriting Data Engineer,,,Remote,capitalrx,greenhouse,2026-05-20T19:38:38.572890+00:00,,,,,10,,,,,0,,,0,,,,,,,,,,,,,
https://job-boards.greenhouse.io/celigo/jobs/7590158,"Manager, Data Engineering",,,US,celigo,greenhouse,2026-05-20T19:38:38.572890+00:00,,,,,10,,,,,0,,,0,,,,,,,,,,,,,
https://job-boards.greenhouse.io/chaosindustries/jobs/5048695007,Software Engineer - Data Engineering,,,"Hawthorne, California, United States",chaosindustries,greenhouse,2026-05-20T19:38:38.572890+00:00,,,,,10,,,,,0,,,0,,,,,,,,,,,,,
https://job-boards.greenhouse.io/clear/jobs/7821514,"Data Engineer II, Analytics & Modeling ",,,"New York, NY, United States ",clear,greenhouse,2026-05-20T19:38:38.572890+00:00,,,,,10,,,,,0,,,0,,,,,,,,,,,,,
https://job-boards.greenhouse.io/cooksys/jobs/5222763008,Sr Salesforce Health Cloud Data Engineer,,,Throughout United States,cooksys,greenhouse,2026-05-20T19:38:38.572890+00:00,,,,,10,,,,,0,,,0,,,,,,,,,,,,,
https://job-boards.greenhouse.io/contentful/jobs/7544099,Data Engineer,,,"Denver, Colorado, United States",contentful,greenhouse,2026-05-20T19:38:38.572890+00:00,,,,,10,,,,,0,,,0,,,,,,,,,,,,,
https://careers.cookunity.com/open-roles?gh_jid=6550160003,Staff Data Engineer,,,Argentina (Remote),cookunity,greenhouse,2026-05-20T19:38:38.572890+00:00,,,,,10,,,,,0,,,0,,,,,,,,,,,,,
https://careers.cookunity.com/open-roles?gh_jid=6550161003,Staff Data Engineer,,,"New York, New York, United States",cookunity,greenhouse,2026-05-20T19:38:38.572890+00:00,,,,,10,,,,,0,,,0,,,,,,,,,,,,,
https://boards.greenhouse.io/crunchyroll/jobs/7568347?gh_jid=7568347,Data Engineer III,,,"Los Angeles, California, United States; San Francisco, CA, United States",crunchyroll,greenhouse,2026-05-20T19:38:38.572890+00:00,,,,,10,,,,,0,,,0,,,,,,,,,,,,,
https://job-boards.greenhouse.io/das42/jobs/5991808004,Data Engineer Consultant,,,Remote - US,das42,greenhouse,2026-05-20T19:38:38.572890+00:00,,,,,10,,,,,0,,,0,,,,,,,,,,,,,
https://job-boards.greenhouse.io/dataiku/jobs/5973409004,Data Engineer,,,"Germany, Berlin - Remote; Germany, Remote; Netherlands, Amsterdam; Netherlands, Remote; Spain, Remote; United Kingdom, London; United Kingdom, Remote",dataiku,greenhouse,2026-05-20T19:38:38.572890+00:00,,,,,10,,,,,0,,,0,,,,,,,,,,,,,
https://job-boards.greenhouse.io/dataiku/jobs/5973407004,Data Engineer II,,,"Netherlands, Amsterdam; Netherlands, Remote; Spain, Remote; United Kingdom, London; United Kingdom, Remote",dataiku,greenhouse,2026-05-20T19:38:38.572890+00:00,,,,,10,,,,,0,,,0,,,,,,,,,,,,,
https://databricks.com/company/careers/open-positions/job?gh_jid=8432827002,Sr. Big Data Engineer,,,Remote - India,databricks,greenhouse,2026-05-20T19:38:38.572890+00:00,,,,,10,,,,,0,,,0,,,,,,,,,,,,,
https://job-boards.greenhouse.io/edo/jobs/5107621007,Data Engineer ,,,Los Angeles; New York; Remote; San Francisco,edo,greenhouse,2026-05-20T19:38:38.572890+00:00,,,,,10,,,,,0,,,0,,,,,,,,,,,,,
https://job-boards.greenhouse.io/entersekt/jobs/5850890004,MySQL Database Engineer,,,"Fully Remote, South Africa",entersekt,greenhouse,2026-05-20T19:38:38.572890+00:00,,,,,10,,,,,0,,,0,,,,,,,,,,,,,
https://job-boards.greenhouse.io/extend/jobs/5987927004,Principal Data Engineer,,,"Remote, US",extend,greenhouse,2026-05-20T19:38:38.572890+00:00,,,,,10,,,,,0,,,0,,,,,,,,,,,,,
https://boards.greenhouse.io/figma/jobs/5220003004?gh_jid=5220003004,Data Engineer,,,"San Francisco, CA • New York, NY • United States",figma,greenhouse,2026-05-20T19:38:38.572890+00:00,,,,,10,,,,,0,,,0,,,,,,,,,,,,,
https://job-boards.greenhouse.io/firsthand/jobs/4233919009,Staff Data Engineer,,,Remote,firsthand,greenhouse,2026-05-20T19:38:38.572890+00:00,,,,,10,,,,,0,,,0,,,,,,,,,,,,,
https://job-boards.greenhouse.io/fueledcareers/jobs/5175846008,Google Cloud Data Engineer,,,Remote,fueledcareers,greenhouse,2026-05-20T19:38:38.572890+00:00,,,,,10,,,,,0,,,0,,,,,,,,,,,,,
https://job-boards.eu.greenhouse.io/fuzehealth/jobs/4865280101,Data Engineer,,,U.S. Remote,fuzehealth,greenhouse,2026-05-20T19:38:38.572890+00:00,,,,,10,,,,,0,,,0,,,,,,,,,,,,,
https://job-boards.greenhouse.io/globalizationpartners/jobs/7692014003,Sr.EM Data Engineering,,,India (Remote-First),globalizationpartners,greenhouse,2026-05-20T19:38:38.572890+00:00,,,,,10,,,,,0,,,0,,,,,,,,,,,,,
https://job-boards.greenhouse.io/goodwaygroup/jobs/5991794004,Global Data Engineer,,,Remote,goodwaygroup,greenhouse,2026-05-20T19:38:38.572890+00:00,,,,,10,,,,,0,,,0,,,,,,,,,,,,,
https://job-boards.greenhouse.io/gomotive/jobs/8376465002,Sales Data Engineering Manager,,,Pakistan - Remote,gomotive,greenhouse,2026-05-20T19:38:38.572890+00:00,,,,,10,,,,,0,,,0,,,,,,,,,,,,,
https://job-boards.greenhouse.io/gradientai/jobs/7695407003,Data Engineering Manager,,,Remote,gradientai,greenhouse,2026-05-20T19:38:38.572890+00:00,,,,,10,,,,,0,,,0,,,,,,,,,,,,,
https://job-boards.greenhouse.io/headway/jobs/5697893004,Staff Data Engineer,,,"New York, New York, United States; San Francisco, California, United States; Seattle, Washington, United States",headway,greenhouse,2026-05-20T19:38:38.572890+00:00,,,,,10,,,,,0,,,0,,,,,,,,,,,,,
https://job-boards.greenhouse.io/hs/jobs/7776472,Staff Data Engineer,,,Remote - United States,hs,greenhouse,2026-05-20T19:38:38.572890+00:00,,,,,10,,,,,0,,,0,,,,,,,,,,,,,
https://job-boards.greenhouse.io/icapitalnetwork/jobs/8485858002,Data Engineer - Assistant Vice President ,,,"Salt Lake City, Utah, United States",icapitalnetwork,greenhouse,2026-05-20T19:38:38.572890+00:00,,,,,10,,,,,0,,,0,,,,,,,,,,,,,
https://job-boards.greenhouse.io/hyphenconnect/jobs/5120019007,Synthetic Data Engineer (AI Data/Training),,,"Seattle, USA",hyphenconnect,greenhouse,2026-05-20T19:38:38.572890+00:00,,,,,10,,,,,0,,,0,,,,,,,,,,,,,
https://job-boards.greenhouse.io/hyphenconnect/jobs/5120020007,Synthetic Data Engineer (AI Data/Training),,,"Boston, USA",hyphenconnect,greenhouse,2026-05-20T19:38:38.572890+00:00,,,,,10,,,,,0,,,0,,,,,,,,,,,,,
https://job-boards.greenhouse.io/hyphenconnect/jobs/5120018007,Synthetic Data Engineer (AI Data/Training),,,"Oregon, USA",hyphenconnect,greenhouse,2026-05-20T19:38:38.572890+00:00,,,,,10,,,,,0,,,0,,,,,,,,,,,,,
https://job-boards.greenhouse.io/hyphenconnect/jobs/5120017007,Synthetic Data Engineer (AI Data/Training),,,"San Francisco Bay Area, USA",hyphenconnect,greenhouse,2026-05-20T19:38:38.572890+00:00,,,,,10,,,,,0,,,0,,,,,,,,,,,,,
https://job-boards.greenhouse.io/imaginepediatrics/jobs/4687925005,Staff Data Engineer,,,United States (Remote),imaginepediatrics,greenhouse,2026-05-20T19:38:38.572890+00:00,,,,,10,,,,,0,,,0,,,,,,,,,,,,,
https://job-boards.greenhouse.io/iherb/jobs/7578260003,Sr. Data Engineer I,,,United States of America - Remote / Home Office,iherb,greenhouse,2026-05-20T19:38:38.572890+00:00,,,,,10,,,,,0,,,0,,,,,,,,,,,,,
https://job-boards.greenhouse.io/instride/jobs/4949443007,Sr. Data Engineer,,,"Los Angeles, CA or Remote",instride,greenhouse,2026-05-20T19:38:38.572890+00:00,,,,,10,,,,,0,,,0,,,,,,,,,,,,,
https://job-boards.greenhouse.io/iterativehealth/jobs/4666587006,Staff Data Engineer,,,"Cambridge, Massachusetts, United States, New York, New York, United States",iterativehealth,greenhouse,2026-05-20T19:38:38.572890+00:00,,,,,10,,,,,0,,,0,,,,,,,,,,,,,
https://job-boards.greenhouse.io/janestreet/jobs/6558007002,Data Engineer,,,"New York, New York, United States",janestreet,greenhouse,2026-05-20T19:38:38.572890+00:00,,,,,10,,,,,0,,,0,,,,,,,,,,,,,
https://job-boards.greenhouse.io/komodohealth/jobs/8508919002,Staff Data Engineer,,,United States,komodohealth,greenhouse,2026-05-20T19:38:38.572890+00:00,,,,,10,,,,,0,,,0,,,,,,,,,,,,,
https://job-boards.greenhouse.io/lendingtree/jobs/7615761, SQL Operations Engineer ,,,"Charlotte, NC, United States",lendingtree,greenhouse,2026-05-20T19:38:38.572890+00:00,,,,,10,,,,,0,,,0,,,,,,,,,,,,,
https://job-boards.greenhouse.io/life360/jobs/8446529002,"Finance Staff Data Engineer, AI Native",,,"Remote, USA; Remote, Canada",life360,greenhouse,2026-05-20T19:38:38.572890+00:00,,,,,10,,,,,0,,,0,,,,,,,,,,,,,
https://job-boards.greenhouse.io/liveviewtechnologiesinc/jobs/5193984008,"Data Engineer, AI",,,"American Fork, Utah, United States",liveviewtechnologiesinc,greenhouse,2026-05-20T19:38:38.572890+00:00,,,,,10,,,,,0,,,0,,,,,,,,,,,,,
https://m1technology.com/careers?gh_jid=4217528009,Palantir Data Engineer,,,"Chantilly, Virginia, United States",m1technology,greenhouse,2026-05-20T19:38:38.572890+00:00,,,,,10,,,,,0,,,0,,,,,,,,,,,,,
https://job-boards.greenhouse.io/memx/jobs/5132597008,"Software Engineer, Data Engineering",,,United States,memx,greenhouse,2026-05-20T19:38:38.572890+00:00,,,,,10,,,,,0,,,0,,,,,,,,,,,,,
https://careers.nebius.com/?gh_jid=4724503101,Data Engineer,,,"Germany; Israel; Netherlands; Prague, Czech Republic; Remote - Europe; United Kingdom",nebius,greenhouse,2026-05-20T19:38:38.572890+00:00,,,,,10,,,,,0,,,0,,,,,,,,,,,,,
https://boards.greenhouse.io/neuralink/jobs/6521553003?gh_jid=6521553003,"Software Engineer, Data Engineering",,,"Austin, Texas, United States; Fremont, California, United States",neuralink,greenhouse,2026-05-20T19:38:38.572890+00:00,,,,,10,,,,,0,,,0,,,,,,,,,,,,,
https://job-boards.greenhouse.io/newsela/jobs/7616064,Data Engineer ,,,Remote - US,newsela,greenhouse,2026-05-20T19:38:38.572890+00:00,,,,,10,,,,,0,,,0,,,,,,,,,,,,,
https://job-boards.greenhouse.io/octus/jobs/5106528007,Principal Data Engineer ,,,"New York, New York, United States",octus,greenhouse,2026-05-20T19:38:38.572890+00:00,,,,,10,,,,,0,,,0,,,,,,,,,,,,,
https://boards.greenhouse.io/octave/jobs/8457329002?gh_jid=8457329002,Sr. Data Engineer,,,Virtual (Remote),octave,greenhouse,2026-05-20T19:38:38.572890+00:00,,,,,10,,,,,0,,,0,,,,,,,,,,,,,
https://job-boards.greenhouse.io/onesixsolutions27/jobs/4587655006,Data Engineer,,,Remote/LATAM,onesixsolutions27,greenhouse,2026-05-20T19:38:38.572890+00:00,,,,,10,,,,,0,,,0,,,,,,,,,,,,,
https://job-boards.greenhouse.io/onxmaps/jobs/4649478006,Staff Data Engineer ,,,"Bozeman, Montana, United States",onxmaps,greenhouse,2026-05-20T19:38:38.572890+00:00,,,,,10,,,,,0,,,0,,,,,,,,,,,,,
https://job-boards.greenhouse.io/particle41llc/jobs/5017517008,  Data Engineer,,,India - Remote,particle41llc,greenhouse,2026-05-20T19:38:38.572890+00:00,,,,,10,,,,,0,,,0,,,,,,,,,,,,,
https://job-boards.greenhouse.io/particle41llc/jobs/5046198008,Data Engineer,,,Argentina - Remote,particle41llc,greenhouse,2026-05-20T19:38:38.572890+00:00,,,,,10,,,,,0,,,0,,,,,,,,,,,,,
https://job-boards.greenhouse.io/particle41llc/jobs/4571788008,Data Engineer (Elasticsearch + Datawarehousing),,,India - Remote,particle41llc,greenhouse,2026-05-20T19:38:38.572890+00:00,,,,,10,,,,,0,,,0,,,,,,,,,,,,,
https://job-boards.greenhouse.io/particle41llc/jobs/5072064008,Data Engineer - PowerBI,,,India - Remote,particle41llc,greenhouse,2026-05-20T19:38:38.572890+00:00,,,,,10,,,,,0,,,0,,,,,,,,,,,,,
https://job-boards.greenhouse.io/perscholashires/jobs/4652562006,Data Engineer ,,,United States,perscholashires,greenhouse,2026-05-20T19:38:38.572890+00:00,,,,,10,,,,,0,,,0,,,,,,,,,,,,,
https://job-boards.greenhouse.io/perscholashires/jobs/4652758006,Data Engineering Instructor,,,United States,perscholashires,greenhouse,2026-05-20T19:38:38.572890+00:00,,,,,10,,,,,0,,,0,,,,,,,,,,,,,
https://job-boards.greenhouse.io/perscholashires/jobs/4652731006,Instructional Assistant (Data Engineer) (3-6 month contract),,,"Orlando, Florida, United States",perscholashires,greenhouse,2026-05-20T19:38:38.572890+00:00,,,,,10,,,,,0,,,0,,,,,,,,,,,,,
https://job-boards.greenhouse.io/philo/jobs/7736643,Head of Data Engineering,,,"San Francisco, CA, Brooklyn, NY, Cambridge, MA or remote within the U.S.",philo,greenhouse,2026-05-20T19:38:38.572890+00:00,,,,,10,,,,,0,,,0,,,,,,,,,,,,,
https://job-boards.greenhouse.io/pitchbookdata/jobs/4650884006,Sr. Data Engineer,,,"Seattle, Washington, United States",pitchbookdata,greenhouse,2026-05-20T19:38:38.572890+00:00,,,,,10,,,,,0,,,0,,,,,,,,,,,,,
https://job-boards.eu.greenhouse.io/prolific/jobs/4579522101,AI Trainer - Advanced SQL Developers,,,Remote,prolific,greenhouse,2026-05-20T19:38:38.572890+00:00,,,,,10,,,,,0,,,0,,,,,,,,,,,,,
https://job-boards.eu.greenhouse.io/prolific/jobs/4656168101,AI Trainer - Advanced SQL Developers (Remote),,,Remote,prolific,greenhouse,2026-05-20T19:38:38.572890+00:00,,,,,10,,,,,0,,,0,,,,,,,,,,,,,
https://job-boards.eu.greenhouse.io/prolific/jobs/4579530101,AI Trainer - Advanced SQL Developers (US & Canada) ,,,Remote,prolific,greenhouse,2026-05-20T19:38:38.572890+00:00,,,,,10,,,,,0,,,0,,,,,,,,,,,,,
https://job-boards.greenhouse.io/rhombuspower/jobs/7715388003,"Data Engineer, Palo Alto",,,"Palo Alto, California, United States",rhombuspower,greenhouse,2026-05-20T19:38:38.572890+00:00,,,,,10,,,,,0,,,0,,,,,,,,,,,,,
https://job-boards.greenhouse.io/rockstargames/jobs/7637154003,"Principal Data Engineer, Data Architecture",,,"Andover, Massachusetts, United States",rockstargames,greenhouse,2026-05-20T19:38:38.572890+00:00,,,,,10,,,,,0,,,0,,,,,,,,,,,,,
https://job-boards.greenhouse.io/rockstargames/jobs/7619983003,"Principal Data Engineer, Data Architecture",,,"Manhattan, New York, United States",rockstargames,greenhouse,2026-05-20T19:38:38.572890+00:00,,,,,10,,,,,0,,,0,,,,,,,,,,,,,
https://job-boards.greenhouse.io/schonfeld/jobs/7589451,AI Data Engineer,,,"New York, New York, United States",schonfeld,greenhouse,2026-05-20T19:38:38.572890+00:00,,,,,10,,,,,0,,,0,,,,,,,,,,,,,
https://job-boards.greenhouse.io/shift4/jobs/5114279007,AWS Cloud Data Engineer,,,"Atlanta, Georgia, United States; Center Valley, Pennsylvania, United States; Las Vegas, NV; Tampa, Florida, United States",shift4,greenhouse,2026-05-20T19:38:38.572890+00:00,,,,,10,,,,,0,,,0,,,,,,,,,,,,,
https://job-boards.greenhouse.io/smithrx/jobs/8483880002,Staff Data Engineer,,,Remote,smithrx,greenhouse,2026-05-20T19:38:38.572890+00:00,,,,,10,,,,,0,,,0,,,,,,,,,,,,,
https://job-boards.greenhouse.io/sovrn/jobs/7872983,Principal Data Engineer,,,"Boulder, Colorado or New York City, New York or Remote",sovrn,greenhouse,2026-05-20T19:38:38.572890+00:00,,,,,10,,,,,0,,,0,,,,,,,,,,,,,
https://job-boards.greenhouse.io/targetrwe/jobs/5141838008,Data Engineer,,,"Research Triangle Park, North Carolina",targetrwe,greenhouse,2026-05-20T19:38:38.572890+00:00,,,,,10,,,,,0,,,0,,,,,,,,,,,,,
https://job-boards.greenhouse.io/techholding/jobs/4689974005,Looker Data Engineer (Contract),,,"India, Remote",techholding,greenhouse,2026-05-20T19:38:38.572890+00:00,,,,,10,,,,,0,,,0,,,,,,,,,,,,,
https://job-boards.greenhouse.io/techholding/jobs/4687433005,Looker Data Engineer (Contract),,,"USA, Remote",techholding,greenhouse,2026-05-20T19:38:38.572890+00:00,,,,,10,,,,,0,,,0,,,,,,,,,,,,,
https://job-boards.greenhouse.io/techholding/jobs/4693562005,ML / AI Data Engineer (Contract),,,"India, Remote",techholding,greenhouse,2026-05-20T19:38:38.572890+00:00,,,,,10,,,,,0,,,0,,,,,,,,,,,,,
https://job-boards.greenhouse.io/teravision/jobs/7481804003,Data Engineer,,,Remote,teravision,greenhouse,2026-05-20T19:38:38.572890+00:00,,,,,10,,,,,0,,,0,,,,,,,,,,,,,
https://job-boards.greenhouse.io/twilio/jobs/7155492,Principal Machine Learning & Data Engineer ,,,Remote - US,twilio,greenhouse,2026-05-20T19:38:38.572890+00:00,,,,,10,,,,,0,,,0,,,,,,,,,,,,,
https://job-boards.greenhouse.io/vardaspace/jobs/7717898003,Data Engineer,,,"El Segundo, California, United States",vardaspace,greenhouse,2026-05-20T19:38:38.572890+00:00,,,,,10,,,,,0,,,0,,,,,,,,,,,,,
https://job-boards.greenhouse.io/varicent/jobs/5194825008,Staff Data Engineer – Backend (Python / Typescript / Big Data / AWS / Kubernetes),,,"Mexico, Remote",varicent,greenhouse,2026-05-20T19:38:38.572890+00:00,,,,,10,,,,,0,,,0,,,,,,,,,,,,,
https://job-boards.greenhouse.io/varicent/jobs/5212743008,Technical Account Manager (SQL) - Remote,,,"Richmond, VA, US",varicent,greenhouse,2026-05-20T19:38:38.572890+00:00,,,,,10,,,,,0,,,0,,,,,,,,,,,,,
https://job-boards.greenhouse.io/verse/jobs/5196721008,"Software Engineer, Data Engineering ",,,United States,verse,greenhouse,2026-05-20T19:38:38.572890+00:00,,,,,10,,,,,0,,,0,,,,,,,,,,,,,
https://job-boards.greenhouse.io/wayvia/jobs/8492373002,Data Engineer III,,,"Remote, USA ",wayvia,greenhouse,2026-05-20T19:38:38.572890+00:00,,,,,10,,,,,0,,,0,,,,,,,,,,,,,
https://job-boards.greenhouse.io/wyndlabs/jobs/4133699008,Data Engineer,,,Remote,wyndlabs,greenhouse,2026-05-20T19:38:38.572890+00:00,,,,,10,,,,,0,,,0,,,,,,,,,,,,,
https://job-boards.greenhouse.io/ww/jobs/5192682008,Staff Data Engineer,,,United States - Remote,ww,greenhouse,2026-05-20T19:38:38.572890+00:00,,,,,10,,,,,0,,,0,,,,,,,,,,,,,
https://job-boards.greenhouse.io/xhiring/jobs/4133701008,Data Engineer,,,Remote,xhiring,greenhouse,2026-05-20T19:38:38.572890+00:00,,,,,10,,,,,0,,,0,,,,,,,,,,,,,
https://job-boards.greenhouse.io/wppmedia/jobs/5146139008,"Associate Manager, Media Data Engineering - US",,,"New York, United States",wppmedia,greenhouse,2026-05-20T19:38:38.572890+00:00,,,,,10,,,,,0,,,0,,,,,,,,,,,,,
https://job-boards.greenhouse.io/yipitdatajobs/jobs/7446282,Data Engineering Manager,,,US Remote ,yipitdatajobs,greenhouse,2026-05-20T19:38:38.572890+00:00,,,,,10,,,,,0,,,0,,,,,,,,,,,,,
https://job-boards.greenhouse.io/able/jobs/7755650002,Data Engineer,,,"Remote, LatAm",able,greenhouse,2026-05-20T19:38:38.572890+00:00,,,,,10,,,,,0,,,0,,,,,,,,,,,,,
https://job-boards.greenhouse.io/acuitymd/jobs/5989148004,"Data Engineer, Encounters Intelligence",,,Boston or Remote,acuitymd,greenhouse,2026-05-20T19:38:38.572890+00:00,,,,,10,,,,,0,,,0,,,,,,,,,,,,,
https://job-boards.eu.greenhouse.io/amplemarket/jobs/4108094101,Spontaneous Application - Data Engineer,,,"Remote, EMEA/LATAM",amplemarket,greenhouse,2026-05-20T19:38:38.572890+00:00,,,,,10,,,,,0,,,0,,,,,,,,,,,,,
https://www.ayahealthcare.com/corporate-careers/jobs/7743382?gh_jid=7743382,Sr. Data Engineer,,,"Remote, US",ayahealthcare,greenhouse,2026-05-20T19:38:38.572890+00:00,,,,,10,,,,,0,,,0,,,,,,,,,,,,,
http://bankrate.com/careers/current-openings?gh_jid=7415903,Staff Data Engineer,,,United States,bankrate,greenhouse,2026-05-20T19:38:38.572890+00:00,,,,,10,,,,,0,,,0,,,,,,,,,,,,,
https://job-boards.greenhouse.io/betatechnologiesinc/jobs/4211063009,Master Data Engineer | Configuration Management,,,"South Burlington, Vermont, United States",betatechnologiesinc,greenhouse,2026-05-20T19:38:38.572890+00:00,,,,,10,,,,,0,,,0,,,,,,,,,,,,,
https://job-boards.greenhouse.io/betatechnologiesinc/jobs/4211111009,Semantic Data Engineer | Digital Operations,,,"South Burlington, Vermont, United States",betatechnologiesinc,greenhouse,2026-05-20T19:38:38.572890+00:00,,,,,10,,,,,0,,,0,,,,,,,,,,,,,
https://www.catonetworks.com/careers/careers-post/4813924101?gh_jid=4813924101,Product Enablement Data Engineer,,,USA,catonetworks,greenhouse,2026-05-20T19:38:38.572890+00:00,,,,,10,,,,,0,,,0,,,,,,,,,,,,,
https://job-boards.greenhouse.io/climateai/jobs/5137357007,Data Engineer I,,,"San Francisco, California, United States",climateai,greenhouse,2026-05-20T19:38:38.572890+00:00,,,,,10,,,,,0,,,0,,,,,,,,,,,,,
https://job-boards.greenhouse.io/clinicalarchitecture/jobs/5111395007,Application Database Administrator (SQL Server DBA) ,,,"Indianapolis, Indiana, United States",clinicalarchitecture,greenhouse,2026-05-20T19:38:38.572890+00:00,,,,,10,,,,,0,,,0,,,,,,,,,,,,,
https://www.coupang.jobs/en/jobs/?gh_jid=7439268,"Staff Data Engineer, Search and Discovery ",,,"Mountain View, USA",coupang,greenhouse,2026-05-20T19:38:38.572890+00:00,,,,,10,,,,,0,,,0,,,,,,,,,,,,,
https://job-boards.greenhouse.io/datakindinc/jobs/7690497003,Data Engineer (Remote-US),,,Fully Remote - can be based anywhere in the U.S.,datakindinc,greenhouse,2026-05-20T19:38:38.572890+00:00,,,,,10,,,,,0,,,0,,,,,,,,,,,,,
https://www.datavant.com/about/careers/open-roles/job?gh_jid=5190962008,"Staff Data Engineer, Platform Engineering",,,Remote - United States ,datavant2,greenhouse,2026-05-20T19:38:38.572890+00:00,,,,,10,,,,,0,,,0,,,,,,,,,,,,,
https://job-boards.greenhouse.io/diligentrobotics/jobs/7734522003,Founding Sr. Data Engineer,,,Anywhere in the US,diligentrobotics,greenhouse,2026-05-20T19:38:38.572890+00:00,,,,,10,,,,,0,,,0,,,,,,,,,,,,,
https://job-boards.greenhouse.io/doximity/jobs/7398192,Data Engineering Manager,,,San Francisco or Remote (U.S.),doximity,greenhouse,2026-05-20T19:38:38.572890+00:00,,,,,10,,,,,0,,,0,,,,,,,,,,,,,
https://jobs.dropbox.com/listing/7739553?gh_jid=7739553,Data Engineer,,,Remote - Mexico,dropbox,greenhouse,2026-05-20T19:38:38.572890+00:00,,,,,10,,,,,0,,,0,,,,,,,,,,,,,
https://jobs.dropbox.com/listing/7739568?gh_jid=7739568,Staff Data Engineer,,,Remote - Mexico,dropbox,greenhouse,2026-05-20T19:38:38.572890+00:00,,,,,10,,,,,0,,,0,,,,,,,,,,,,,
https://jobs.dropbox.com/listing/7595186?gh_jid=7595186,"Staff Data Engineer, Analytics Data Engineering",,,Remote - Canada: Select locations,dropbox,greenhouse,2026-05-20T19:38:38.572890+00:00,,,,,10,,,,,0,,,0,,,,,,,,,,,,,
https://jobs.dropbox.com/listing/7595183?gh_jid=7595183,"Staff Data Engineer, Analytics Data Engineering",,,Remote - US: Select locations,dropbox,greenhouse,2026-05-20T19:38:38.572890+00:00,,,,,10,,,,,0,,,0,,,,,,,,,,,,,
https://job-boards.greenhouse.io/equilibriumenergy/jobs/4179519005,Software Engineer- Data Engineering (Staff/ Sr Staff) ,,,"San Francisco or NYC preferred, Remote- US, Canada, and Europe",equilibriumenergy,greenhouse,2026-05-20T19:38:38.572890+00:00,,,,,10,,,,,0,,,0,,,,,,,,,,,,,
https://job-boards.greenhouse.io/eve/jobs/4204197009,Head of Data Engineering,,,Remote - US,eve,greenhouse,2026-05-20T19:38:38.572890+00:00,,,,,10,,,,,0,,,0,,,,,,,,,,,,,
https://www.esri.com/careers/5091602007?gh_jid=5091602007,System Engineer- Enterprise Data Engineer,,,"Vienna, Virginia, United States",esri,greenhouse,2026-05-20T19:38:38.572890+00:00,"**Overview**
In this position, you will partner with customers on enterprise database design and implementation strategies while applying Esri technology best practices. You will consult with customers to understand business and technical requirements, design enterprise data management strategies, and implement those strategies throughout the engagement life cycle. You will work both independently and as part of project teams to configure back-end geospatial database management capabilities that support customer workflows utilizing ArcGIS web, desktop, and mobile applications.
This team supports Defense and Intel clients. You will be part of a talented cross-functional team of dynamic and passionate engineers to deliver capabilities that enable our customers to make a difference in communities around the world. You will be part of a team that influences lasting contributions for communities with the solutions you provide.
The Professional Services division is the consulting and implementation arm of Esri. We break ground in new markets, push the technology envelope and deliver transformational solutions to high profile clients worldwide. The Professional Services organization is comprised of nearly 1,000 talented business and technical professionals who strive every day to help our users be successful.
Esri has a Relocation Assistance Program and can provide support with relocating to the Vienna, VA area for this position.
**Responsibilities**
* Design and implement robust, scalable, and secure database solutions to support mission-critical applications
* Collaborate with cross-functional teams during all phases of implementation including requirements, analysis, design, build/configuration, and deployment
* Configure and maintain database environments, including backup, restore, high-availability, and disaster recovery strategies
* Monitor and tune database performance using industry-standard tools and methodologies (such as query optimization, indexing strategies)
* Implement data security measures, access controls, and compliance standards across environments
* Automate routine database loading, maintenance, and monitoring tasks to improve efficiency
* Provide technical guidance and best practices for database design, migration, and integration projects
**Requirements**
* 8+ years of hands-on experience in database design, administration, and optimization for Oracle, SQL Server, PostgreSQL, or SAP HANA
* Demonstrated experience with database design principles, data loading techniques, backup and recovery solutions, performance monitoring and tuning, database maintenance, and security
* Scripting skills in SQL and Python for automation and data workflows
* Experience with cloud-based database solutions (such as AWS RDS, Azure SQL Database)
* Understanding of geospatial concepts such as spatial data types, coordinate systems, and spatial indexing
* Ability to clearly communicate complex technical concepts to technical peers and non-technical project managers or customers
* US citizenship with Active or Current (within 2 years of active) Top Secret Security Clearance with SCI eligibility
* Bachelor’s degree in computer science, mathematics, GIS, or related STEM field
**Recommended Qualifications**
* Experience with ArcGIS Enterprise geodatabases
* Knowledge of integrating GIS with other enterprise systems
* CompTIA Security + certification
* One or more industry-standard IT certifications (such as Esri, Microsoft, Amazon, PostgreSQL, Oracle)
* Master's degree in computer science, mathematics, GIS or related STEM field
#LI-SS2
#LI-Onsite
**Total Rewards**
Esri’s competitive total rewards strategy includes industry-leading health and welfare benefits: medical, dental, vision, basic and supplemental life insurance for employees (and their families), 401(k) and profit-sharing programs, minimum accrual of 80 hours of vacation leave, twelve paid holidays throughout the calendar year, and opportunities for personal and professional growth. Base salary is one component of our total rewards strategy. Compensation decisions and the base range for this role take into account many factors including but not limited to skill sets; experience and training; licensure and certifications; and other business and organizational needs.
A reasonable estimate of the base salary range is
$120,640—$197,600 USD
**The Company**
At Esri, diversity is more than just a word on a map. When employees of different experiences, perspectives, backgrounds, and cultures come together, we are more innovative and ultimately a better place to work. We believe in having a diverse workforce that is unified under our mission of creating positive global change. We understand that diversity, equity, and inclusion is not a destination but an ongoing process. We are committed to the continuation of learning, growing, and changing our workplace so every employee can contribute to their life’s best work. Our commitment to these principles extends to the global communities we serve by creating positive change with GIS technology. For more information on Esri’s Racial Equity and Social Justice initiatives, please visit our website [here](https://www.esri.com/en-us/racial-equity/overview#engage-communities).
**If you don’t meet all of the preferred qualifications for this position, we encourage you to still apply!**
Esri is an equal opportunity employer (EOE) and all qualified applicants will receive consideration for employment without regard to race, color, religion, sex, sexual orientation, gender identity, national origin, disability status, protected veteran status, or any other characteristic protected by law. If you need reasonable accommodation for any part of the employment process, please email [askcareers@esri.com](mailto:askcareers@esri.com) and let us know the nature of your request and your contact information. Please note that only those inquiries concerning a request for reasonable accommodation will be responded to from this e-mail address.
[Esri Privacy](https://www.esri.com/en-us/privacy/overview) Esri takes our responsibility to protect your privacy seriously. We are committed to respecting your privacy by providing transparency in how we acquire and use your information, giving you control of your information and preferences, and holding ourselves to the highest national and international standards, including CCPA and GDPR compliance.",https://www.esri.com/careers/5091602007?gh_jid=5091602007,2026-05-22T19:45:44.711622+00:00,,10,,,,,0,,,0,,failed,empty_application_schema,3.0,,2026-05-22T19:58:50.087834+00:00,0.0,,,,https://boards-api.greenhouse.io/v1/boards/esri/jobs/5091602007?questions=true,"[{""id"": ""first_name"", ""label"": ""First Name"", ""required"": true, ""type"": ""input_text"", ""applicant_answer"": ""Manuel"", ""llm_found_submit"": ""submit_found_dry_run""}, {""id"": ""last_name"", ""label"": ""Last Name"", ""required"": true, ""type"": ""input_text"", ""applicant_answer"": ""Montes"", ""llm_found_submit"": ""submit_found_dry_run""}, {""id"": ""preferred_name"", ""label"": ""Preferred First Name"", ""required"": false, ""type"": ""input_text"", ""applicant_answer"": ""Manuel"", ""llm_found_submit"": ""submit_found_dry_run""}, {""id"": ""email"", ""label"": ""Email"", ""required"": true, ""type"": ""input_text"", ""applicant_answer"": ""manuel.montes0@gmail.com"", ""llm_found_submit"": ""submit_found_dry_run""}, {""id"": ""phone"", ""label"": ""Phone"", ""required"": true, ""type"": ""input_text"", ""applicant_answer"": ""+1 (336) 423-2987"", ""llm_found_submit"": ""submit_found_dry_run""}, {""id"": ""resume"", ""label"": ""Resume/CV"", ""required"": true, ""type"": ""input_file"", ""applicant_answer"": ""C:\\Users\\manue\\.applypilot\\resume.pdf"", ""llm_found_submit"": ""submit_found_dry_run""}, {""id"": ""resume_text"", ""label"": ""Resume/CV"", ""required"": true, ""type"": ""textarea"", ""applicant_answer"": ""C:\\Users\\manue\\.applypilot\\resume.pdf"", ""llm_found_submit"": ""submit_found_dry_run""}, {""id"": ""cover_letter"", ""label"": ""Cover Letter"", ""required"": false, ""type"": ""input_file"", ""applicant_answer"": ""C:\\Users\\manue\\.applypilot\\resume.pdf"", ""llm_found_submit"": ""submit_found_dry_run""}, {""id"": ""cover_letter_text"", ""label"": ""Cover Letter"", ""required"": false, ""type"": ""textarea"", ""applicant_answer"": ""answer_not_found"", ""llm_found_submit"": ""submit_found_dry_run""}, {""id"": ""question_11657194007"", ""label"": ""By selecting yes to this question you confirm that you have read Esri\u2019s Applicant Privacy Notice."", ""required"": true, ""type"": ""multi_value_single_select"", ""applicant_answer"": ""answer_not_found"", ""llm_found_submit"": ""submit_found_dry_run""}, {""id"": ""question_11657195007"", ""label"": ""Will you now or in the future require visa sponsorship from Esri for employment (e.g., H-1B visa)?"", ""required"": false, ""type"": ""multi_value_single_select"", ""applicant_answer"": ""No"", ""llm_found_submit"": ""submit_found_dry_run""}, {""id"": ""question_11657196007"", ""label"": ""Are you able to work onsite in the Esri location of this job posting, or relocate to do so?"", ""required"": false, ""type"": ""multi_value_single_select"", ""applicant_answer"": ""answer_not_found"", ""llm_found_submit"": ""submit_found_dry_run""}, {""id"": ""question_11657197007"", ""label"": ""What is your annual salary range requirement?"", ""required"": false, ""type"": ""input_text"", ""applicant_answer"": ""110000"", ""llm_found_submit"": ""submit_found_dry_run""}, {""id"": ""question_11657198007"", ""label"": ""LinkedIn Profile"", ""required"": false, ""type"": ""input_text"", ""applicant_answer"": ""www.linkedin.com/in/manueldmontes"", ""llm_found_submit"": ""submit_found_dry_run""}, {""id"": ""disability_status"", ""label"": ""DisabilityStatus"", ""required"": true, ""type"": ""multi_value_single_select"", ""applicant_answer"": ""Not Disabled"", ""llm_found_submit"": ""submit_found_dry_run""}, {""id"": ""veteran_status"", ""label"": ""VeteranStatus"", ""required"": true, ""type"": ""multi_value_single_select"", ""applicant_answer"": ""Not a Veteran"", ""llm_found_submit"": ""submit_found_dry_run""}, {""id"": ""race"", ""label"": ""Race"", ""required"": true, ""type"": ""multi_value_single_select"", ""applicant_answer"": ""Hispanic/Latino"", ""llm_found_submit"": ""submit_found_dry_run""}, {""id"": ""gender"", ""label"": ""Gender"", ""required"": true, ""type"": ""multi_value_single_select"", ""applicant_answer"": ""Male"", ""llm_found_submit"": ""submit_found_dry_run""}]",
https://www.esri.com/careers/5091595007?gh_jid=5091595007,Technical Consultant- Enterprise Data Engineer,,,"Vienna, Virginia, United States",esri,greenhouse,2026-05-20T19:38:38.572890+00:00,"**Overview**
In this position, you will partner with customers on enterprise database design and implementation strategies while applying Esri technology best practices. You will consult with customers to understand business and technical requirements, design enterprise data management strategies, and implement those strategies throughout the engagement life cycle. You will work both independently and as part of project teams to configure back-end geospatial database management capabilities that support customer workflows utilizing ArcGIS web, desktop, and mobile applications.
This team supports Defense and Intel clients. You will be part of a talented cross-functional team of dynamic and passionate engineers to deliver capabilities that enable our customers to make a difference in communities around the world. You will be part of a team that influences lasting contributions for communities with the solutions you provide.
The Professional Services division is the consulting and implementation arm of Esri. We break ground in new markets, push the technology envelope and deliver transformational solutions to high profile clients worldwide. The Professional Services organization is comprised of nearly 1,000 talented business and technical professionals who strive every day to help our users be successful.
Esri has a Relocation Assistance Program and can provide support with relocating to the Vienna, VA area for this position.
**Responsibilities**
* Design and implement robust, scalable, and secure database solutions to support mission-critical applications
* Collaborate with cross-functional teams during all phases of implementation including requirements, analysis, design, build/configuration, and deployment
* Configure and maintain database environments, including backup, restore, high-availability, and disaster recovery strategies
* Monitor and tune database performance using industry-standard tools and methodologies (such as query optimization, indexing strategies)
* Implement data security measures, access controls, and compliance standards across environments
* Automate routine database loading, maintenance, and monitoring tasks to improve efficiency
* Provide technical guidance and best practices for database design, migration, and integration projects
**Requirements**
* 5+ years of hands-on experience in database design, administration, and optimization for Oracle, SQL Server, PostgreSQL, or SAP HANA
* Familiarity with database design principles, data loading techniques, backup and recovery solutions, performance monitoring and tuning, database maintenance, and security
* Scripting skills in SQL and Python for automation and data workflows
* Exposure to geospatial concepts such as spatial data types, coordinate systems, and spatial indexing
* Ability to clearly communicate complex technical concepts to technical peers and non-technical project managers or customers
* US citizenship with Active or Current (within 2 years of active) Top Secret Security Clearance with SCI eligibility
* Bachelor’s degree in computer science, mathematics, GIS, or related STEM field
**Recommended Qualifications**
* Experience with ArcGIS Enterprise geodatabases
* Knowledge of integrating GIS with other enterprise systems
* CompTIA Security + certification
* One or more industry-standard IT certifications (such as Esri, Microsoft, Amazon, PostgreSQL, Oracle)
* Master`s degree in computer science, mathematics, GIS, or related STEM field
#LI-SS2
#LI-Onsite
**Total Rewards**
Esri’s competitive total rewards strategy includes industry-leading health and welfare benefits: medical, dental, vision, basic and supplemental life insurance for employees (and their families), 401(k) and profit-sharing programs, minimum accrual of 80 hours of vacation leave, twelve paid holidays throughout the calendar year, and opportunities for personal and professional growth. Base salary is one component of our total rewards strategy. Compensation decisions and the base range for this role take into account many factors including but not limited to skill sets; experience and training; licensure and certifications; and other business and organizational needs.
A reasonable estimate of the base salary range is
$84,240—$142,480 USD
**The Company**
At Esri, diversity is more than just a word on a map. When employees of different experiences, perspectives, backgrounds, and cultures come together, we are more innovative and ultimately a better place to work. We believe in having a diverse workforce that is unified under our mission of creating positive global change. We understand that diversity, equity, and inclusion is not a destination but an ongoing process. We are committed to the continuation of learning, growing, and changing our workplace so every employee can contribute to their life’s best work. Our commitment to these principles extends to the global communities we serve by creating positive change with GIS technology. For more information on Esri’s Racial Equity and Social Justice initiatives, please visit our website [here](https://www.esri.com/en-us/racial-equity/overview#engage-communities).
**If you don’t meet all of the preferred qualifications for this position, we encourage you to still apply!**
Esri is an equal opportunity employer (EOE) and all qualified applicants will receive consideration for employment without regard to race, color, religion, sex, sexual orientation, gender identity, national origin, disability status, protected veteran status, or any other characteristic protected by law. If you need reasonable accommodation for any part of the employment process, please email [askcareers@esri.com](mailto:askcareers@esri.com) and let us know the nature of your request and your contact information. Please note that only those inquiries concerning a request for reasonable accommodation will be responded to from this e-mail address.
[Esri Privacy](https://www.esri.com/en-us/privacy/overview) Esri takes our responsibility to protect your privacy seriously. We are committed to respecting your privacy by providing transparency in how we acquire and use your information, giving you control of your information and preferences, and holding ourselves to the highest national and international standards, including CCPA and GDPR compliance.",https://www.esri.com/careers/5091595007?gh_jid=5091595007,2026-05-22T19:45:44.711622+00:00,,10,,,,,0,,,0,,failed,empty_application_schema,3.0,,2026-05-22T19:57:41.919567+00:00,0.0,,,,https://boards-api.greenhouse.io/v1/boards/esri/jobs/5091595007?questions=true,"[{""id"": ""first_name"", ""label"": ""First Name"", ""required"": true, ""type"": ""input_text"", ""applicant_answer"": ""Manuel"", ""llm_found_submit"": ""submit_found_dry_run""}, {""id"": ""last_name"", ""label"": ""Last Name"", ""required"": true, ""type"": ""input_text"", ""applicant_answer"": ""Montes"", ""llm_found_submit"": ""submit_found_dry_run""}, {""id"": ""preferred_name"", ""label"": ""Preferred First Name"", ""required"": false, ""type"": ""input_text"", ""applicant_answer"": ""Manuel"", ""llm_found_submit"": ""submit_found_dry_run""}, {""id"": ""email"", ""label"": ""Email"", ""required"": true, ""type"": ""input_text"", ""applicant_answer"": ""manuel.montes0@gmail.com"", ""llm_found_submit"": ""submit_found_dry_run""}, {""id"": ""phone"", ""label"": ""Phone"", ""required"": true, ""type"": ""input_text"", ""applicant_answer"": ""+1 (336) 423-2987"", ""llm_found_submit"": ""submit_found_dry_run""}, {""id"": ""resume"", ""label"": ""Resume/CV"", ""required"": true, ""type"": ""input_file"", ""applicant_answer"": ""C:\\Users\\manue\\.applypilot\\resume.pdf"", ""llm_found_submit"": ""submit_found_dry_run""}, {""id"": ""resume_text"", ""label"": ""Resume/CV"", ""required"": true, ""type"": ""textarea"", ""applicant_answer"": ""C:\\Users\\manue\\.applypilot\\resume.pdf"", ""llm_found_submit"": ""submit_found_dry_run""}, {""id"": ""cover_letter"", ""label"": ""Cover Letter"", ""required"": false, ""type"": ""input_file"", ""applicant_answer"": ""C:\\Users\\manue\\.applypilot\\resume.pdf"", ""llm_found_submit"": ""submit_found_dry_run""}, {""id"": ""cover_letter_text"", ""label"": ""Cover Letter"", ""required"": false, ""type"": ""textarea"", ""applicant_answer"": ""answer_not_found"", ""llm_found_submit"": ""submit_found_dry_run""}, {""id"": ""question_11657163007"", ""label"": ""By selecting yes to this question you confirm that you have read Esri\u2019s Applicant Privacy Notice."", ""required"": true, ""type"": ""multi_value_single_select"", ""applicant_answer"": ""answer_not_found"", ""llm_found_submit"": ""submit_found_dry_run""}, {""id"": ""question_11657164007"", ""label"": ""Will you now or in the future require visa sponsorship from Esri for employment (e.g., H-1B visa)?"", ""required"": false, ""type"": ""multi_value_single_select"", ""applicant_answer"": ""No"", ""llm_found_submit"": ""submit_found_dry_run""}, {""id"": ""question_11657165007"", ""label"": ""Are you able to work onsite in the Esri location of this job posting, or relocate to do so?"", ""required"": false, ""type"": ""multi_value_single_select"", ""applicant_answer"": ""answer_not_found"", ""llm_found_submit"": ""submit_found_dry_run""}, {""id"": ""question_11657166007"", ""label"": ""What is your annual salary range requirement?"", ""required"": false, ""type"": ""input_text"", ""applicant_answer"": ""110000"", ""llm_found_submit"": ""submit_found_dry_run""}, {""id"": ""question_11657167007"", ""label"": ""LinkedIn Profile"", ""required"": false, ""type"": ""input_text"", ""applicant_answer"": ""www.linkedin.com/in/manueldmontes"", ""llm_found_submit"": ""submit_found_dry_run""}, {""id"": ""question_11657168007"", ""label"": ""This position requires a portfolio submission. Please attach your portfolio if it is not linked in your resume or cover letter."", ""required"": false, ""type"": ""input_file"", ""applicant_answer"": ""C:\\Users\\manue\\.applypilot\\resume.pdf"", ""llm_found_submit"": ""submit_found_dry_run""}, {""id"": ""disability_status"", ""label"": ""DisabilityStatus"", ""required"": true, ""type"": ""multi_value_single_select"", ""applicant_answer"": ""Not Disabled"", ""llm_found_submit"": ""submit_found_dry_run""}, {""id"": ""veteran_status"", ""label"": ""VeteranStatus"", ""required"": true, ""type"": ""multi_value_single_select"", ""applicant_answer"": ""Not a Veteran"", ""llm_found_submit"": ""submit_found_dry_run""}, {""id"": ""race"", ""label"": ""Race"", ""required"": true, ""type"": ""multi_value_single_select"", ""applicant_answer"": ""Hispanic/Latino"", ""llm_found_submit"": ""submit_found_dry_run""}, {""id"": ""gender"", ""label"": ""Gender"", ""required"": true, ""type"": ""multi_value_single_select"", ""applicant_answer"": ""Male"", ""llm_found_submit"": ""submit_found_dry_run""}]",
https://job-boards.greenhouse.io/evio/jobs/4693222005,Data Engineer (Remote),,,"Remote, United States",evio,greenhouse,2026-05-20T19:38:38.572890+00:00,,,,,10,,,,,0,,,0,,,,,,,,,,,,,
https://job-boards.greenhouse.io/fastspring/jobs/5836608004,Staff Data Engineer,,,Remote-United States,fastspring,greenhouse,2026-05-20T19:38:38.572890+00:00,,,,,10,,,,,0,,,0,,,,,,,,,,,,,
https://job-boards.greenhouse.io/govini/jobs/4068710009,Data Engineer,,,"Pittsburgh, Pennsylvania, United States",govini,greenhouse,2026-05-20T19:38:38.572890+00:00,,,,,10,,,,,0,,,0,,,,,,,,,,,,,
https://job-boards.greenhouse.io/grvty/jobs/4245272009,Data Engineer,,,"McLean, Virginia, United States",grvty,greenhouse,2026-05-20T19:38:38.572890+00:00,,,,,10,,,,,0,,,0,,,,,,,,,,,,,
https://job-boards.greenhouse.io/grvty/jobs/4204610009,Palantir Data Engineer,,,"Chantilly, Virginia, United States",grvty,greenhouse,2026-05-20T19:38:38.572890+00:00,,,,,10,,,,,0,,,0,,,,,,,,,,,,,
http://www.lob.com/careers/apply?gh_jid=7643663,Staff Data Engineer,,,United States,lob,greenhouse,2026-05-20T19:38:38.572890+00:00,,,,,10,,,,,0,,,0,,,,,,,,,,,,,
https://job-boards.greenhouse.io/mechanicallicensingcollective/jobs/7688079003,SQL Engineer,,,"Nashville, Tennessee, United States",mechanicallicensingcollective,greenhouse,2026-05-20T19:38:38.572890+00:00,,,,,10,,,,,0,,,0,,,,,,,,,,,,,
https://job-boards.greenhouse.io/mergeapiintegrationsandbox/jobs/5735303003,Data Engineer External,,,Remote,mergeapiintegrationsandbox,greenhouse,2026-05-20T19:38:38.572890+00:00,,,,,10,,,,,0,,,0,,,,,,,,,,,,,
https://www.nexhealth.com/careers/open-positions?gh_jid=5584552004,Staff Data Engineer ,,,"San Francisco, California, United States",nexhealth,greenhouse,2026-05-20T19:38:38.572890+00:00,,,,,10,,,,,0,,,0,,,,,,,,,,,,,
https://job-boards.greenhouse.io/northmarq/jobs/5214680008,Data Engineer,,,"Minneapolis, Minnesota, United States",northmarq,greenhouse,2026-05-20T19:38:38.572890+00:00,,,,,10,,,,,0,,,0,,,,,,,,,,,,,
https://job-boards.eu.greenhouse.io/nscaleoperationsukltd/jobs/4834760101,Data Engineer,,,US,nscaleoperationsukltd,greenhouse,2026-05-20T19:38:38.572890+00:00,,,,,10,,,,,0,,,0,,,,,,,,,,,,,
https://job-boards.eu.greenhouse.io/nscaleoperationsukltd/jobs/4834754101,Data Engineer,,,US,nscaleoperationsukltd,greenhouse,2026-05-20T19:38:38.572890+00:00,,,,,10,,,,,0,,,0,,,,,,,,,,,,,
https://job-boards.eu.greenhouse.io/nscaleoperationsukltd/jobs/4834761101,"Data Engineer - Seattle, WA",,,US,nscaleoperationsukltd,greenhouse,2026-05-20T19:38:38.572890+00:00,,,,,10,,,,,0,,,0,,,,,,,,,,,,,
https://boards.greenhouse.io/orennia/jobs/4990349008?gh_jid=4990349008,Data Engineer,,,Calgary Headquarters or Remote,orennia,greenhouse,2026-05-20T19:38:38.572890+00:00,,,,,10,,,,,0,,,0,,,,,,,,,,,,,
https://job-boards.eu.greenhouse.io/orcristtechnologies/jobs/4747039101,Data Engineer (Python),,,Remote / Berlin,orcristtechnologies,greenhouse,2026-05-20T19:38:38.572890+00:00,,,,,10,,,,,0,,,0,,,,,,,,,,,,,
https://www.orioninc.com/careers/job/?gh_jid=4656570006,SQL Database Developer,,,"Montvale, New Jersey, United States",orioninnovation,greenhouse,2026-05-20T19:38:38.572890+00:00,,,,,10,,,,,0,,,0,,,,,,,,,,,,,
https://job-boards.greenhouse.io/outrider/jobs/5200829008,Data Engineer (4-month contract),,,Remote,outrider,greenhouse,2026-05-20T19:38:38.572890+00:00,,,,,10,,,,,0,,,0,,,,,,,,,,,,,
https://job-boards.greenhouse.io/perpay/jobs/4089104007,Data Engineer,,,"Philadelphia, Pennsylvania, United States",perpay,greenhouse,2026-05-20T19:38:38.572890+00:00,,,,,10,,,,,0,,,0,,,,,,,,,,,,,
https://www.qventus.com/company/working-qventus/job?gh_jid=4089466009,Data Engineer II,,,"Remote, Canada",qventus,greenhouse,2026-05-20T19:38:38.572890+00:00,,,,,10,,,,,0,,,0,,,,,,,,,,,,,
https://boards.greenhouse.io/rdccareers/jobs/7709529003?gh_jid=7709529003,Principal Data Engineer,,,"Austin, Texas, United States",rdccareers,greenhouse,2026-05-20T19:38:38.572890+00:00,,,,,10,,,,,0,,,0,,,,,,,,,,,,,
https://www.redventures.com/careers/positions/open?gh_jid=7528919,Data Engineering Manager | AllConnect,,,Remote,redventures,greenhouse,2026-05-20T19:38:38.572890+00:00,,,,,10,,,,,0,,,0,,,,,,,,,,,,,
https://www.redventures.com/careers/positions/open?gh_jid=7781438,Data Engineer | The Points Guy,,,Remote,redventures,greenhouse,2026-05-20T19:38:38.572890+00:00,,,,,10,,,,,0,,,0,,,,,,,,,,,,,
https://www.redventures.com/careers/positions/open?gh_jid=7406565,Staff Data Engineer,,,United States,redventures,greenhouse,2026-05-20T19:38:38.572890+00:00,,,,,10,,,,,0,,,0,,,,,,,,,,,,,
https://www.riotgames.com/en/work-with-us/job/7412551?gh_jid=7412551,"Principal Data Engineer, Personalization - Publishing Platform",,,"Los Angeles, USA",riotgames,greenhouse,2026-05-20T19:38:38.572890+00:00,"Riot’s Data Engineers harness petabytes of data and state-of-the-art processing technologies to build products that elevate the player experience at massive scale. Turning this data into meaningful insights is a complex challenge, and our engineers meet it by staying deeply player-focused and collaborating across diverse teams to improve the lives of millions of players worldwide.
As a **Principal Data Engineer** supporting Riot’s **Publishing Platform** team, you will design, build, and maintain scalable data pipelines and models that power critical data products, including centralized player data models, and publishing activity data systems. These systems support understanding of player onboarding funnels, engagement patterns, support efficiency, and content effectiveness. You will collaborate with product managers, analysts, and engineers to ensure our data infrastructure is reliable, performant, and directly tied to delivering better player experiences.
## Responsibilities:
* Design, build, and optimize scalable ETL pipelines for structured and semi-structured data supporting Insights use cases, growth metrics, and other publishing/marketing focused data sets.
* Design and implement data models using industry best practices that capture a complete ecosystem view of in- and out-of-game experiences, while ensuring accuracy, scalability, and long-term usability.
* Architect and implement robust, maintainable, and high-performance data solutions.
* Automate workflows to reduce manual intervention and enhance data processing efficiency, including automation for content, growth, and pubsports areas of coverage.
* Mentor data engineers across all levels, setting best practices and fostering technical growth.
* Optimize query performance and resolve pipeline bottlenecks to improve data accessibility.
* Evaluate and adopt new tools, frameworks, and methodologies to advance data engineering capabilities.
* Support cost optimization by ensuring scalable and efficient data solutions.
* Ensure data quality, governance, and compliance with regulatory standards (e.g., GDPR, CCPA).
* Contribute to Riot’s Data Engineering discipline shaping infrastructure, craft standards, tooling, and organizational best practices
## Required Qualifications:
* Bachelor's or Master’s degree in Computer Science, Information Systems, Engineering, or a related field.
* 8+ years experience in tech-focused Publishing or Marketing fields.
* 8+ years experience in data engineering or a related field.
* Strong Expertise in big-data technologies, including Python, GoLang, Spark, Scala, SQL, and tools like Airflow and dbt.
* Proficiency in cloud infrastructure (AWS or GCP) and Databricks.
* Expertise in designing efficient and scalable data models with large data sets across multiple teams and in collaboration with insights or data stakeholders.
* Demonstrated ability to work cross-functionally with engineering, analytics, and product teams.
* Proven experience mentoring and guiding other engineers.
*For this role, you'll find success through craft expertise, a collaborative spirit, and decision-making that prioritizes your fellow Rioters, who are the customers of your work. Being a dedicated fan of games is not necessary for this position!*
## Our Perks:
Riot focuses on work/life balance, shown by our open paid time off policy and other perks such as flexible work schedules. We offer medical, dental, and life insurance, parental leave for you, your spouse/domestic partner, and children, and a 401k with company match. Check out our [**benefits pages**](https://www.riotgames.com/en/work-with-us/overview) for more information.
At Riot Games, we [put players first](https://www.riotgames.com/en/who-we-are/values). That mission drives every decision in our quest to create games and experiences that make it better to be a player. Whether you’re working directly on a new player-facing experience or you’re supporting the company as a whole, everyone at Riot is part of our mission. And just like in our games, we’re better when we work together. Our goal is to create collaborative teams where you are empowered to bring your unique perspective everyday. If that sounds like the kind of place you want to work, we’re looking forward to your application.
*It’s our policy to provide equal employment opportunity for all applicants and members of Riot Games, Inc. Riot Games makes reasonable accommodations for handicapped and disabled Rioters and does not unlawfully discriminate on the basis of race, color, religion, sex, sexual orientation, gender identity or expression, national origin, age, handicap, veteran status, marital status, criminal history, or any other category protected by applicable federal and state law. We consider for employment all qualified applicants, including those with criminal histories, in a manner consistent with applicable federal, state and local law, including the California Fair Chance Act, the City of Los Angeles Fair Chance Initiative for Hiring Ordinance, the Los Angeles County Fair Chance Ordinance for Employers, the San Francisco Fair Chance Ordinance, and the Washington Fair Chance Act.*
*Per the Los Angeles County Fair Chance Ordinance, the following core duties may create a basis for disqualifying candidates with relevant criminal histories:*
* *Safeguarding confidential and sensitive Company data*
* *Communication with others, including Rioters and third parties such as vendors, and/or players, including minors*
* *Accessing Company assets, secure digital systems, and networks*
* *Ensuring a safe interactive environment for players and other Rioters*
*These duties are directly related to essential operations, safety, trust, and compliance obligations within our organization. Please note that job duties may evolve based on business needs and additional responsibilities may be assigned as necessary to maintain operational efficiency and security.*",https://www.riotgames.com/en/work-with-us/job/7412551?gh_jid=7412551,2026-05-22T19:45:46.115357+00:00,,10,,,,,0,,,0,,failed,empty_application_schema,3.0,,2026-05-22T20:00:00.486829+00:00,0.0,,,,https://boards-api.greenhouse.io/v1/boards/riotgames/jobs/7412551?questions=true,"[{""id"": ""first_name"", ""label"": ""First Name"", ""required"": true, ""type"": ""input_text"", ""applicant_answer"": ""Manuel"", ""llm_found_submit"": ""submit_found_dry_run""}, {""id"": ""last_name"", ""label"": ""Last Name"", ""required"": true, ""type"": ""input_text"", ""applicant_answer"": ""Montes"", ""llm_found_submit"": ""submit_found_dry_run""}, {""id"": ""email"", ""label"": ""Email"", ""required"": true, ""type"": ""input_text"", ""applicant_answer"": ""manuel.montes0@gmail.com"", ""llm_found_submit"": ""submit_found_dry_run""}, {""id"": ""phone"", ""label"": ""Phone"", ""required"": true, ""type"": ""input_text"", ""applicant_answer"": ""+1 (336) 423-2987"", ""llm_found_submit"": ""submit_found_dry_run""}, {""id"": ""resume"", ""label"": ""Resume/CV"", ""required"": true, ""type"": ""input_file"", ""applicant_answer"": ""C:\\Users\\manue\\.applypilot\\resume.pdf"", ""llm_found_submit"": ""submit_found_dry_run""}, {""id"": ""resume_text"", ""label"": ""Resume/CV"", ""required"": true, ""type"": ""textarea"", ""applicant_answer"": ""C:\\Users\\manue\\.applypilot\\resume.pdf"", ""llm_found_submit"": ""submit_found_dry_run""}, {""id"": ""cover_letter"", ""label"": ""Cover Letter"", ""required"": false, ""type"": ""input_file"", ""applicant_answer"": ""C:\\Users\\manue\\.applypilot\\resume.pdf"", ""llm_found_submit"": ""submit_found_dry_run""}, {""id"": ""cover_letter_text"", ""label"": ""Cover Letter"", ""required"": false, ""type"": ""textarea"", ""applicant_answer"": ""answer_not_found"", ""llm_found_submit"": ""submit_found_dry_run""}, {""id"": ""question_61573728"", ""label"": ""Please attach any additional documents here (if you have multiple files please .zip them)."", ""required"": false, ""type"": ""input_file"", ""applicant_answer"": ""C:\\Users\\manue\\.applypilot\\resume.pdf"", ""llm_found_submit"": ""submit_found_dry_run""}, {""id"": ""question_61573729"", ""label"": ""LinkedIn Profile URL"", ""required"": false, ""type"": ""input_text"", ""applicant_answer"": ""www.linkedin.com/in/manueldmontes"", ""llm_found_submit"": ""submit_found_dry_run""}, {""id"": ""question_61573730"", ""label"": ""Twitter URL"", ""required"": false, ""type"": ""input_text"", ""applicant_answer"": ""answer_not_found"", ""llm_found_submit"": ""submit_found_dry_run""}, {""id"": ""question_61573731"", ""label"": ""Website"", ""required"": false, ""type"": ""input_text"", ""applicant_answer"": """", ""llm_found_submit"": ""submit_found_dry_run""}, {""id"": ""question_61573732"", ""label"": ""How did you hear about this job?"", ""required"": true, ""type"": ""multi_value_single_select"", ""applicant_answer"": ""answer_not_found"", ""llm_found_submit"": ""submit_found_dry_run""}, {""id"": ""question_61573733"", ""label"": ""Please list the names of any and all friends, family or significant others who currently (or have in the last year) work at Riot Games:"", ""required"": true, ""type"": ""textarea"", ""applicant_answer"": ""answer_not_found"", ""llm_found_submit"": ""submit_found_dry_run""}, {""id"": ""question_61573734"", ""label"": ""What is your current full address?"", ""required"": true, ""type"": ""input_text"", ""applicant_answer"": ""answer_not_found"", ""llm_found_submit"": ""submit_found_dry_run""}, {""id"": ""question_61573735[]"", ""label"": ""In which language(s) are you business fluent?"", ""required"": true, ""type"": ""multi_value_multi_select"", ""applicant_answer"": ""answer_not_found"", ""llm_found_submit"": ""submit_found_dry_run""}, {""id"": ""question_61573736"", ""label"": ""At the time of applying, are you 18 years of age or older?"", ""required"": true, ""type"": ""multi_value_single_select"", ""applicant_answer"": ""answer_not_found"", ""llm_found_submit"": ""submit_found_dry_run""}, {""id"": ""question_61573737"", ""label"": ""Please indicate the option that best describes your race or ethnic identity."", ""required"": true, ""type"": ""multi_value_single_select"", ""applicant_answer"": ""Hispanic/Latino"", ""llm_found_submit"": ""submit_found_dry_run""}, {""id"": ""question_61573738"", ""label"": ""Please indicate your gender."", ""required"": true, ""type"": ""multi_value_single_select"", ""applicant_answer"": ""Male"", ""llm_found_submit"": ""submit_found_dry_run""}, {""id"": ""question_61573739"", ""label"": ""Are you legally authorized to work in the US?"", ""required"": true, ""type"": ""multi_value_single_select"", ""applicant_answer"": ""Yes"", ""llm_found_submit"": ""submit_found_dry_run""}, {""id"": ""question_61573740"", ""label"": ""Do you now, or will you, require sponsorship to work in the US?"", ""required"": true, ""type"": ""multi_value_single_select"", ""applicant_answer"": ""No"", ""llm_found_submit"": ""submit_found_dry_run""}, {""id"": ""question_61573741"", ""label"": ""By submitting an application, I acknowledge that I have read and understand the Riot Games Candidate Privacy Notice."", ""required"": true, ""type"": ""multi_value_single_select"", ""applicant_answer"": ""answer_not_found"", ""llm_found_submit"": ""submit_found_dry_run""}, {""id"": ""question_61573742"", ""label"": ""Have you previously worked for Riot Games as a contractor or Full-Time Rioter?"", ""required"": true, ""type"": ""multi_value_single_select"", ""applicant_answer"": ""answer_not_found"", ""llm_found_submit"": ""submit_found_dry_run""}, {""id"": ""question_61573743"", ""label"": ""Have you previously applied to Riot Games?"", ""required"": true, ""type"": ""multi_value_single_select"", ""applicant_answer"": ""answer_not_found"", ""llm_found_submit"": ""submit_found_dry_run""}, {""id"": ""question_61573744"", ""label"": ""As we are majority owned by Tencent, we would like to know if you have worked for Tencent or a company owned or otherwise affiliated with Tencent within the last 12 months."", ""required"": true, ""type"": ""multi_value_single_select"", ""applicant_answer"": ""answer_not_found"", ""llm_found_submit"": ""submit_found_dry_run""}, {""id"": ""question_61573745"", ""label"": ""If yes, can you please indicate the last year you worked for Tencent and/or an affiliate company."", ""required"": true, ""type"": ""multi_value_single_select"", ""applicant_answer"": ""answer_not_found"", ""llm_found_submit"": ""submit_found_dry_run""}, {""id"": ""question_61573746"", ""label"": ""If yes, can you please indicate the last month you worked for Tencent and/or an affiliate company. "", ""required"": true, ""type"": ""multi_value_single_select"", ""applicant_answer"": ""answer_not_found"", ""llm_found_submit"": ""submit_found_dry_run""}, {""id"": ""question_61573747"", ""label"": ""Riot Games participates in E-Verify and will submit your information to the government for confirmation of your work authorization only after a conditional offer of employment has been made, unless doing so is required by federal law or as a condition of Riot Games' receipt of federal funds. After a condition offer of employment has been made, you will be required to present a document with your photo ID in connection when completing the I-9 form. If the government\u2019s system does not immediately verify your work authorization, you will be provided with instructions and an opportunity to contact the government and resolve any issues.  Riot Games may rescind any offer of employment if Riot Games does not receive confirmation of your work authorization through the E-Verify system. By submitting an application, I acknowledge that I have read and understand the E-verify notice."", ""required"": true, ""type"": ""multi_value_single_select"", ""applicant_answer"": ""answer_not_found"", ""llm_found_submit"": ""submit_found_dry_run""}]",
https://www.riotgames.com/en/work-with-us/job/7674330?gh_jid=7674330,"Sr. Manager, Data Engineering - PubSports Insights",,,"Los Angeles, USA",riotgames,greenhouse,2026-05-20T19:38:38.572890+00:00,"Riot’s Data Engineers harness petabytes of data and state-of-the-art processing technologies to build products that elevate the player experience at massive scale. Turning this data into meaningful insights is a complex challenge, and our engineers meet it by staying deeply player-focused and collaborating across diverse teams to improve the lives of millions of players worldwide.
As a Senior Engineering Manager for Data Engineering within the PubSports vertical, you will lead the evolution of PubSports’ data platform capabilities by operationalizing Riot’s data platform architecture, governance standards, and maturity frameworks. This role is responsible for modernizing PubSports’ data ecosystem and ensuring that data assets supporting player engagement, monetization, and insights are reliable, scalable, and aligned with Riot’s enterprise data platform standards. You will operate within Riot’s emerging Data Platform operating model, translating platform architecture and governance frameworks into production-grade data systems that deliver trusted insights and enable advanced analytics, experimentation, and machine learning. This role will also grow and lead a team of data engineers responsible for delivering durable data products that power analytics, business intelligence, and ML-driven player experiences.
## Responsibilities:
* Lead modernization of PubSports data pipelines and architecture
* Implement and enforce medallion/lakehouse standards
* Eliminate duplicate or fragmented data workflows
* Ensure scalable, modular, and reusable system design
* Drive reduction of tech debt and legacy instability
* Establish SLIs/SLOs for critical datasets
* Drive clear dataset ownership and operational accountability
* Improve data quality monitoring and incident response discipline
* Align vertical standards with enterprise practices
* Partner closely with PubSports Product Insights to translate business requirements into durable datasets
* Accelerate time-to-insight through well-designed curated layers
* Ensure semantic clarity and standardized business metrics
* Support analytics, BI, and ML use cases with production-grade data foundations
* Operationalize Riot’s data maturity and governance frameworks
* Lead and grow a high-performing team of Data Engineers
* Drive predictable sprint execution and roadmap alignment
* Maintain high code quality and review rigor
* Coach engineers on scalable system design and data modeling
* Balance speed with architectural integrity
## Required Qualifications:
* 10+ years in data engineering or data platform roles
* 5+ years leading DE teams in production environments
* Deep expertise in Spark / Databricks
* Deep, production-level expertise in a major data engineering programming language such as Python or Scala
* Advanced SQL and dimensional modeling, Orchestration (Airflow or similar), Lakehouse / medallion architecture
* Proven experience designing and implementing real-time/streaming data pipelines using technologies like Kafka, Flink, or similar platforms
* Deep Experience in Data quality & monitoring frameworks
* Working knowledge of cloud-native data services (e.g., AWS/GCP/Azure) and a track record of data platform cost optimization and resource management.
* Expertise in data security and privacy engineering, including the implementation of robust access control (RBAC/ABAC) and data masking/anonymization techniques.
* Proven experience modernizing legacy systems
* Demonstrated ability to translate business needs into scalable technical solutions
## Desired Qualifications:
* Experience in gaming, large consumer platforms, or systems leading data modernization or transformation initiatives in a complex environment
* Track record improving data maturity ( e.g. SLI’s/SLO governance, reliability standards) Experience designing semantic layers or standardized business metric frameworks
* Background supporting advanced analytics use cases in high velocity product environments
* Demonstrated ability to influence standards across teams in a matrixed organization
*For this role, you'll find success through craft expertise, a collaborative spirit, and decision-making that prioritizes your fellow Rioters, who are the customers of your work. Being a dedicated fan of games is not necessary for this position!*
## **Our Perks:**
Riot focuses on work/life balance, shown by our open paid time off policy and other perks such as flexible work schedules. We offer medical, dental, and life insurance, parental leave for you, your spouse/domestic partner, and children, and a 401k with company match. Check out our [**benefits pages**](https://www.riotgames.com/en/work-with-us/overview) for more information.
At Riot Games, we [put players first](https://www.riotgames.com/en/who-we-are/values). That mission drives every decision in our quest to create games and experiences that make it better to be a player. Whether you’re working directly on a new player-facing experience or you’re supporting the company as a whole, everyone at Riot is part of our mission. And just like in our games, we’re better when we work together. Our goal is to create collaborative teams where you are empowered to bring your unique perspective everyday. If that sounds like the kind of place you want to work, we’re looking forward to your application.
*It’s our policy to provide equal employment opportunity for all applicants and members of Riot Games, Inc. Riot Games makes reasonable accommodations for handicapped and disabled Rioters and does not unlawfully discriminate on the basis of race, color, religion, sex, sexual orientation, gender identity or expression, national origin, age, handicap, veteran status, marital status, criminal history, or any other category protected by applicable federal and state law. We consider for employment all qualified applicants, including those with criminal histories, in a manner consistent with applicable federal, state and local law, including the California Fair Chance Act, the City of Los Angeles Fair Chance Initiative for Hiring Ordinance, the Los Angeles County Fair Chance Ordinance for Employers, the San Francisco Fair Chance Ordinance, and the Washington Fair Chance Act.*
*Per the Los Angeles County Fair Chance Ordinance, the following core duties may create a basis for disqualifying candidates with relevant criminal histories:*
* *Safeguarding confidential and sensitive Company data*
* *Communication with others, including Rioters and third parties such as vendors, and/or players, including minors*
* *Accessing Company assets, secure digital systems, and networks*
* *Ensuring a safe interactive environment for players and other Rioters*
*These duties are directly related to essential operations, safety, trust, and compliance obligations within our organization. Please note that job duties may evolve based on business needs and additional responsibilities may be assigned as necessary to maintain operational efficiency and security.*",https://www.riotgames.com/en/work-with-us/job/7674330?gh_jid=7674330,2026-05-22T19:45:46.115357+00:00,,10,,,,,0,,,0,,failed,empty_application_schema,3.0,,2026-05-22T20:01:13.438458+00:00,0.0,,,,https://boards-api.greenhouse.io/v1/boards/riotgames/jobs/7674330?questions=true,"[{""id"": ""first_name"", ""label"": ""First Name"", ""required"": true, ""type"": ""input_text"", ""applicant_answer"": ""Manuel"", ""llm_found_submit"": ""submit_found_dry_run""}, {""id"": ""last_name"", ""label"": ""Last Name"", ""required"": true, ""type"": ""input_text"", ""applicant_answer"": ""Montes"", ""llm_found_submit"": ""submit_found_dry_run""}, {""id"": ""email"", ""label"": ""Email"", ""required"": true, ""type"": ""input_text"", ""applicant_answer"": ""manuel.montes0@gmail.com"", ""llm_found_submit"": ""submit_found_dry_run""}, {""id"": ""phone"", ""label"": ""Phone"", ""required"": true, ""type"": ""input_text"", ""applicant_answer"": ""+1 (336) 423-2987"", ""llm_found_submit"": ""submit_found_dry_run""}, {""id"": ""resume"", ""label"": ""Resume/CV"", ""required"": true, ""type"": ""input_file"", ""applicant_answer"": ""C:\\Users\\manue\\.applypilot\\resume.pdf"", ""llm_found_submit"": ""submit_found_dry_run""}, {""id"": ""resume_text"", ""label"": ""Resume/CV"", ""required"": true, ""type"": ""textarea"", ""applicant_answer"": ""C:\\Users\\manue\\.applypilot\\resume.pdf"", ""llm_found_submit"": ""submit_found_dry_run""}, {""id"": ""cover_letter"", ""label"": ""Cover Letter"", ""required"": false, ""type"": ""input_file"", ""applicant_answer"": ""C:\\Users\\manue\\.applypilot\\resume.pdf"", ""llm_found_submit"": ""submit_found_dry_run""}, {""id"": ""cover_letter_text"", ""label"": ""Cover Letter"", ""required"": false, ""type"": ""textarea"", ""applicant_answer"": ""answer_not_found"", ""llm_found_submit"": ""submit_found_dry_run""}, {""id"": ""question_64050985"", ""label"": ""Please attach any additional documents here (if you have multiple files please .zip them)."", ""required"": false, ""type"": ""input_file"", ""applicant_answer"": ""C:\\Users\\manue\\.applypilot\\resume.pdf"", ""llm_found_submit"": ""submit_found_dry_run""}, {""id"": ""question_64050986"", ""label"": ""LinkedIn Profile URL"", ""required"": false, ""type"": ""input_text"", ""applicant_answer"": ""www.linkedin.com/in/manueldmontes"", ""llm_found_submit"": ""submit_found_dry_run""}, {""id"": ""question_64050987"", ""label"": ""Twitter URL"", ""required"": false, ""type"": ""input_text"", ""applicant_answer"": ""answer_not_found"", ""llm_found_submit"": ""submit_found_dry_run""}, {""id"": ""question_64050988"", ""label"": ""Website"", ""required"": false, ""type"": ""input_text"", ""applicant_answer"": """", ""llm_found_submit"": ""submit_found_dry_run""}, {""id"": ""question_64050989"", ""label"": ""How did you hear about this job?"", ""required"": true, ""type"": ""multi_value_single_select"", ""applicant_answer"": ""answer_not_found"", ""llm_found_submit"": ""submit_found_dry_run""}, {""id"": ""question_64050990"", ""label"": ""Please list the names of any and all friends, family or significant others who currently (or have in the last year) work at Riot Games:"", ""required"": true, ""type"": ""textarea"", ""applicant_answer"": ""answer_not_found"", ""llm_found_submit"": ""submit_found_dry_run""}, {""id"": ""question_64050991"", ""label"": ""What is your current full address?"", ""required"": true, ""type"": ""input_text"", ""applicant_answer"": ""answer_not_found"", ""llm_found_submit"": ""submit_found_dry_run""}, {""id"": ""question_64050992[]"", ""label"": ""In which language(s) are you business fluent?"", ""required"": true, ""type"": ""multi_value_multi_select"", ""applicant_answer"": ""answer_not_found"", ""llm_found_submit"": ""submit_found_dry_run""}, {""id"": ""question_64050993"", ""label"": ""At the time of applying, are you 18 years of age or older?"", ""required"": true, ""type"": ""multi_value_single_select"", ""applicant_answer"": ""answer_not_found"", ""llm_found_submit"": ""submit_found_dry_run""}, {""id"": ""question_64050994"", ""label"": ""Please indicate the option that best describes your race or ethnic identity."", ""required"": true, ""type"": ""multi_value_single_select"", ""applicant_answer"": ""Hispanic/Latino"", ""llm_found_submit"": ""submit_found_dry_run""}, {""id"": ""question_64050995"", ""label"": ""Please indicate your gender."", ""required"": true, ""type"": ""multi_value_single_select"", ""applicant_answer"": ""Male"", ""llm_found_submit"": ""submit_found_dry_run""}, {""id"": ""question_64050996"", ""label"": ""Are you legally authorized to work in the US?"", ""required"": true, ""type"": ""multi_value_single_select"", ""applicant_answer"": ""Yes"", ""llm_found_submit"": ""submit_found_dry_run""}, {""id"": ""question_64050997"", ""label"": ""Do you now, or will you, require sponsorship to work in the US?"", ""required"": true, ""type"": ""multi_value_single_select"", ""applicant_answer"": ""No"", ""llm_found_submit"": ""submit_found_dry_run""}, {""id"": ""question_64050998"", ""label"": ""By submitting an application, I acknowledge that I have read and understand the Riot Games Candidate Privacy Notice."", ""required"": true, ""type"": ""multi_value_single_select"", ""applicant_answer"": ""answer_not_found"", ""llm_found_submit"": ""submit_found_dry_run""}, {""id"": ""question_64050999"", ""label"": ""Have you previously worked for Riot Games as a contractor or Full-Time Rioter?"", ""required"": true, ""type"": ""multi_value_single_select"", ""applicant_answer"": ""answer_not_found"", ""llm_found_submit"": ""submit_found_dry_run""}, {""id"": ""question_64051000"", ""label"": ""Have you previously applied to Riot Games?"", ""required"": true, ""type"": ""multi_value_single_select"", ""applicant_answer"": ""answer_not_found"", ""llm_found_submit"": ""submit_found_dry_run""}, {""id"": ""question_64051001"", ""label"": ""As we are majority owned by Tencent, we would like to know if you have worked for Tencent or a company owned or otherwise affiliated with Tencent within the last 12 months."", ""required"": true, ""type"": ""multi_value_single_select"", ""applicant_answer"": ""answer_not_found"", ""llm_found_submit"": ""submit_found_dry_run""}, {""id"": ""question_64051002"", ""label"": ""If yes, can you please indicate the last year you worked for Tencent and/or an affiliate company."", ""required"": true, ""type"": ""multi_value_single_select"", ""applicant_answer"": ""answer_not_found"", ""llm_found_submit"": ""submit_found_dry_run""}, {""id"": ""question_64051003"", ""label"": ""If yes, can you please indicate the last month you worked for Tencent and/or an affiliate company. "", ""required"": true, ""type"": ""multi_value_single_select"", ""applicant_answer"": ""answer_not_found"", ""llm_found_submit"": ""submit_found_dry_run""}, {""id"": ""question_64051004"", ""label"": ""Riot Games participates in E-Verify and will submit your information to the government for confirmation of your work authorization only after a conditional offer of employment has been made, unless doing so is required by federal law or as a condition of Riot Games' receipt of federal funds. After a condition offer of employment has been made, you will be required to present a document with your photo ID in connection when completing the I-9 form. If the government\u2019s system does not immediately verify your work authorization, you will be provided with instructions and an opportunity to contact the government and resolve any issues.  Riot Games may rescind any offer of employment if Riot Games does not receive confirmation of your work authorization through the E-Verify system. By submitting an application, I acknowledge that I have read and understand the E-verify notice."", ""required"": true, ""type"": ""multi_value_single_select"", ""applicant_answer"": ""answer_not_found"", ""llm_found_submit"": ""submit_found_dry_run""}]",
https://careers.roblox.com/jobs/7678832?gh_jid=7678832,"Principal Software Engineer, Data Engineering",,,"San Mateo, CA, United States",roblox,greenhouse,2026-05-20T19:38:38.572890+00:00,,,,,10,,,,,0,,,0,,,,,,,,,,,,,
https://careers.route.com/job-board?gh_jid=7697093003,Data Engineer ,,,"Lehi, Utah, United States; Remote ",route,greenhouse,2026-05-20T19:38:38.572890+00:00,,,,,10,,,,,0,,,0,,,,,,,,,,,,,
https://www.samsara.com/company/careers/roles/7859406?gh_jid=7859406,Data Engineer II,,,Remote - US,samsara,greenhouse,2026-05-20T19:38:38.572890+00:00,,,,,10,,,,,0,,,0,,,,,,,,,,,,,
https://www.storable.com/about-us/culture/careers/?gh_jid=5814582004,Data Engineer II,,,United States,storable,greenhouse,2026-05-20T19:38:38.572890+00:00,"# **Data Engineer II**
### **About Storable**
At Storable, we're on a mission to power the future of storage. Our platform helps businesses manage, track, and grow their self-storage operations. We’re committed to leveraging modern data technologies to improve efficiency, accessibility, and insight generation—empowering teams to make smarter, faster decisions.
### **Overview**
As a **Data Engineer II**, you will contribute to the design, development, and optimization of our data platform. You’ll partner with engineering, product, and business teams to ensure data is reliable, accessible, and actionable.
This role is ideal for someone who is growing in their data engineering career and is ready to take on more ownership of pipelines, data modeling, and performance optimization while learning from senior engineers on the team.
### **Key Responsibilities**
* **Build & Maintain Data Pipelines**
  Develop and maintain scalable data pipelines to ingest, process, and transform data from multiple sources.
* **ETL Development**
  Support the design and optimization of ETL/ELT workflows to ensure efficient and reliable data delivery.
* **Workflow Orchestration**
  Work with tools like Apache Airflow to schedule and manage data workflows.
* **Data Quality & Reliability**
  Help implement data quality checks, validation processes, and monitoring to ensure accuracy and consistency.
* **Data Modeling & Warehousing**
  Contribute to data modeling efforts, schema design, and data warehouse optimization.
* **Query & Processing Frameworks**
  Utilize tools such as Trino (Presto), Apache Spark, or similar technologies to support distributed data processing.
* **Infrastructure & Performance Optimization**
  Assist in improving performance, scalability, and cost-efficiency of data systems using modern cloud platforms (AWS).
* **Cross-Functional Collaboration**
  Partner with stakeholders across engineering, product, and business teams to understand data needs and deliver solutions.
* **Monitoring & Troubleshooting**
  Identify issues in pipelines and workflows, troubleshoot effectively, and implement long-term fixes.
### **Qualifications**
* **Experience**
  5+ years of experience in data engineering, data infrastructure, or related roles
* **Technical Skills**
  + Experience with Python or similar languages for data processing
  + Familiarity with SQL and distributed query engines (e.g., Trino/Presto)
  + Exposure to Apache Spark or similar processing frameworks
  + Experience with workflow orchestration tools (e.g., Apache Airflow)
* **Cloud & Data Platforms**
  Experience with AWS services such as S3, Redshift, Glue, or Athena
* **Data Fundamentals**
  Understanding of data modeling, warehousing concepts, and schema design
* **Data Quality & Governance**
  Familiarity with data validation, quality checks, and governance best practices
* **Problem Solving**
  Strong analytical mindset with the ability to troubleshoot and optimize data systems
* **Communication**
  Ability to communicate clearly with both technical and non-technical stakeholders
### **Nice to Have**
* Experience with modern data formats (e.g., Apache Iceberg)
* Exposure to BI/visualization tools (e.g., Looker, Tableau)
* Experience working in a SaaS or product-driven environment
All applicants must be currently authorized to work in the United States on a full-time basis.
*Storable is a fully distributed company, but is currently only registered for employment in certain states.* To be eligible for employment, you must reside in the following states:  AL, AZ, CA, CO, CT, FL, GA, ID, IL, IN, IA, KS, LA, MD, MA, MI, MN, MO, MS, NC, NE, NJ, NV, NY, OH, OK, OR, PA, SC, TN, TX, UT, VA, WA, WI, WY.
About Us:
At Storable, we’re redefining property management for specialty real estate. Tailored for the self-storage, marine, and RV & camping industries, we seamlessly integrate management software with marketplace listings, websites, CRM, insurance, payments and more. Dedicated to empowering owners and operators, Storable helps you win more every day. Explore our platform solutions at[www.storable.com](http://www.storable.com).
At the heart of Storable is our “Win More” culture, which reflects our commitment to delivering exceptional value to our customers and fostering the personal and professional growth of our employees. We strive to empower our team and our customers to achieve and win more than ever before.
Benefits and Perks:
* Generous health coverage for you and your family, including fully paid short- and long-term disability coverage and two-times base salary life insurance.
* 401(k) match after 60 days, 100% vested after 1 year.
* Employer contribution to your HSA, plus an HRA to help offset your deductible.
* Instant access to flexible vacation. We trust you, so we have a ‘take what you need’ vacation policy.
* Be More – company rewards and recognition that add up and can be redeemed for personalized gifts and experiences! Storriors have been able to enroll in SCUBA certification classes, travel overseas, and redo their back patio, among many other things.
* 8 hours of Volunteer Time Off each year and the opportunity to get active in the community by joining one of our offsite volunteer and community service events.
* 8 hours of Rest, Relax, Recharge time to care for your mental health.
* Access a range of mental well-being resources for yourself and your dependents, including counseling services, stress management programs, and mindfulness workshops
* Fully paid parental leave: 12 and 6 weeks for primary and secondary caregivers, respectively.
* ’Paw’ternity Leave and Pet Bereavement - we understand that pets are a part of the family and have generous time-off policies, which honor that commitment.
* Caregiver Leave: four weeks of fully paid time away from work to care for aging dependents or family members, if needed.
* $50 monthly home data stipend, plus a home office sign-on bonus of $250.
* Fertility care support options to help in your journey towards parenthood.
* Access to financial experts to help you make informed decisions and achieve your financial goals.
* Direct Student Loan Payment Program, some qualifications and eligibility rules apply.
Storable is committed to providing equal employment opportunity (EEO) to all persons regardless of age, color, national origin, citizenship status, physical or mental disability, race, religion, creed, gender, sex, sexual orientation, gender identity and/or expression, genetic information, marital status, status with regard to public assistance, veteran status, or any other characteristic protected by federal, state or local law. In addition, Storable will provide reasonable accommodations for qualified individuals with disabilities.
Important Notice: To protect yourself from fraudulent activities, please consider the following:
- Official Communication: All genuine communication from Storable will come from official email addresses, ending in “@storable.com.” Be cautious of any communication that doesn’t match this criteria.
- No Unsolicited Offers: We do not extend job offers without a formal interview process. If you receive an unsolicited job offer claiming to be from Storable or any of its representatives, it’s a red flag.
- Verification: If you’re uncertain about the legitimacy of any job offer or communication claiming to be from Storable, please contact our HR department directly at POps@storable.com for verification.
Your security and trust are paramount to us. If you suspect you’ve been contacted by someone falsely claiming to be from Storable or using our company's name for any dubious purpose, please immediately report the incident to POps@storable.com",https://www.storable.com/about-us/culture/careers/?gh_jid=5814582004,2026-05-22T19:45:47.201728+00:00,,10,,,,,0,,,0,,failed,"Page.goto: Timeout 60000ms exceeded.
Call log:
  - navigating to ""https://www.storable.com/about-us/",3.0,,2026-05-22T20:04:02.489287+00:00,79831.0,,,{},https://boards-api.greenhouse.io/v1/boards/storable/jobs/5814582004?questions=true,"{""absolute_url"": ""https://www.storable.com/about-us/culture/careers/?gh_jid=5814582004"", ""data_compliance"": [{""type"": ""gdpr"", ""requires_consent"": false, ""requires_processing_consent"": false, ""requires_retention_consent"": false, ""retention_period"": null, ""demographic_data_consent_applies"": false}], ""internal_job_id"": 5057460004, ""location"": {""name"": ""United States""}, ""metadata"": [{""id"": 4225971004, ""name"": ""Employment Type"", ""value"": ""Full-time"", ""value_type"": ""single_select""}, {""id"": 4251173004, ""name"": ""Seniority"", ""value"": ""Mid-Senior"", ""value_type"": ""single_select""}], ""id"": 5814582004, ""updated_at"": ""2026-05-13T22:35:13-04:00"", ""requisition_id"": ""DATAENGNP25_BF"", ""title"": ""Data Engineer II"", ""company_name"": ""Storable "", ""first_published"": ""2026-03-20T13:06:54-04:00"", ""language"": ""en"", ""application_deadline"": null, ""departments"": [{""id"": 4067744004, ""name"": ""Engineering"", ""child_ids"": [], ""parent_id"": null}], ""offices"": [{""id"": 4012074004, ""name"": ""USA"", ""location"": ""United States"", ""child_ids"": [4041160004, 4021279004, 4021280004, 4021295004, 4021281004, 4021285004, 4021283004, 4021287004, 4021288004, 4021289004, 4021290004, 4021291004, 4021292004, 4031441004, 4031442004, 4021293004, 4031443004, 4031444004, 4021294004, 4031445004, 4031446004, 4031447004, 4031448004, 4031449004, 4024532004, 4031450004, 4031451004, 4031452004, 4030067004, 4030064004, 4030065004, 4030066004, 4030068004, 4030069004], ""parent_id"": null}], ""compliance"": [{""type"": ""eeoc"", ""questions"": [], ""description"": ""&lt;p&gt;PUBLIC BURDEN STATEMENT: According to the Paperwork Reduction Act of 1995 no persons are required to respond to a collection of information unless such collection displays a valid OMB control number. This survey should take about 5 minutes to complete.&lt;/p&gt;\n""}, {""type"": ""eeoc"", ""questions"": [{""required"": false, ""label"": ""DisabilityStatus"", ""fields"": [{""name"": ""disability_status"", ""type"": ""multi_value_single_select"", ""values"": [{""label"": ""I do not want to answer"", ""value"": ""3""}, {""label"": ""No, I do not have a disability and have not had one in the past"", ""value"": ""2""}, {""label"": ""Yes, I have a disability, or have had one in the past"", ""value"": ""1""}]}]}], ""description"": ""&lt;h3&gt;&lt;strong&gt;Voluntary Self-Identification of Disability&lt;/strong&gt;&lt;/h3&gt;\n&lt;div style=&quot;display:flex; justify-content:space-between;&quot;&gt;\n  &lt;div&gt;\n    &lt;div&gt;Form CC-305&lt;/div&gt;\n    &lt;div&gt;Page 1 of 1&lt;/div&gt;\n  &lt;/div&gt;\n  &lt;div&gt;\n    &lt;div&gt;OMB Control Number 1250-0005&lt;/div&gt;\n    &lt;div&gt;Expires 04/30/2026&lt;/div&gt;\n  &lt;/div&gt;\n&lt;/div&gt;\n&lt;br&gt;\n&lt;strong&gt;Why are you being asked to complete this form?&lt;/strong&gt;\n&lt;p&gt;We are a federal contractor or subcontractor. The law requires us to provide equal employment opportunity to qualified people with disabilities. We have a goal of having at least 7% of our workers as people with disabilities. The law says we must measure our progress towards this goal. To do this, we must ask applicants and employees if they have a disability or have ever had one. People can become disabled, so we need to ask this question at least every five years.&lt;/p&gt;\n&lt;p&gt;Completing this form is voluntary, and we hope that you will choose to do so. Your answer is confidential. No one who makes hiring decisions will see it. Your decision to complete the form and your answer will not harm you in any way. If you want to learn more about the law or this form, visit the U.S. Department of Labor\u2019s Office of Federal Contract Compliance Programs (OFCCP) website at &lt;a href=&quot;https://www.dol.gov/ofccp&quot; target=&quot;_blank&quot;&gt;www.dol.gov/ofccp&lt;/a&gt;.&lt;/p&gt;\n&lt;strong&gt;How do you know if you have a disability?&lt;/strong&gt;\n&lt;p&gt;A disability is a condition that substantially limits one or more of your \u201cmajor life activities.\u201d If you have or have ever had such a condition, you are a person with a disability. &lt;strong&gt;Disabilities include, but are not limited to:&lt;/strong&gt;&lt;/p&gt;\n&lt;ul&gt;\n  &lt;li&gt;Alcohol or other substance use disorder (not currently using drugs illegally)&lt;/li&gt;\n  &lt;li&gt;Autoimmune disorder, for example, lupus, fibromyalgia, rheumatoid arthritis, HIV/AIDS&lt;/li&gt;\n  &lt;li&gt;Blind or low vision&lt;/li&gt;\n  &lt;li&gt;Cancer (past or present)&lt;/li&gt;\n  &lt;li&gt;Cardiovascular or heart disease&lt;/li&gt;\n  &lt;li&gt;Celiac disease&lt;/li&gt;\n  &lt;li&gt;Cerebral palsy&lt;/li&gt;\n  &lt;li&gt;Deaf or serious difficulty hearing&lt;/li&gt;\n  &lt;li&gt;Diabetes&lt;/li&gt;\n  &lt;li&gt;Disfigurement, for example, disfigurement caused by burns, wounds, accidents, or congenital disorders&lt;/li&gt;\n  &lt;li&gt;Epilepsy or other seizure disorder&lt;/li&gt;\n  &lt;li&gt;Gastrointestinal disorders, for example, Crohn&#39;s Disease, irritable bowel syndrome&lt;/li&gt;\n  &lt;li&gt;Intellectual or developmental disability&lt;/li&gt;\n  &lt;li&gt;Mental health conditions, for example, depression, bipolar disorder, anxiety disorder, schizophrenia, PTSD&lt;/li&gt;\n  &lt;li&gt;Missing limbs or partially missing limbs&lt;/li&gt;\n  &lt;li&gt;Mobility impairment, benefiting from the use of a wheelchair, scooter, walker, leg brace(s) and/or other supports&lt;/li&gt;\n  &lt;li&gt;Nervous system condition, for example, migraine headaches, Parkinson\u2019s disease, multiple sclerosis (MS)&lt;/li&gt;\n  &lt;li&gt;Neurodivergence, for example, attention-deficit/hyperactivity disorder (ADHD), autism spectrum disorder, dyslexia, dyspraxia, other learning disabilities&lt;/li&gt;\n  &lt;li&gt;Partial or complete paralysis (any cause)&lt;/li&gt;\n  &lt;li&gt;Pulmonary or respiratory conditions, for example, tuberculosis, asthma, emphysema&lt;/li&gt;\n  &lt;li&gt;Short stature (dwarfism)&lt;/li&gt;\n  &lt;li&gt;Traumatic brain injury&lt;/li&gt;\n&lt;/ul&gt;\n""}, {""type"": ""eeoc"", ""questions"": [{""required"": false, ""label"": ""VeteranStatus"", ""fields"": [{""name"": ""veteran_status"", ""type"": ""multi_value_single_select"", ""values"": [{""label"": ""I don't wish to answer"", ""value"": ""3""}, {""label"": ""I identify as one or more of the classifications of a protected veteran"", ""value"": ""2""}, {""label"": ""I am not a protected veteran"", ""value"": ""1""}]}]}], ""description"": ""&lt;p&gt;\n  If you believe you belong to any of the categories of protected veterans listed below, please indicate by making the appropriate selection.\n  As a government contractor subject to the Vietnam Era Veterans&#39; Readjustment Assistance Act (VEVRAA), we request this information in order to measure\n  the effectiveness of the outreach and positive recruitment efforts we undertake pursuant to VEVRAA. Classification of protected categories\n  is as follows:\n&lt;/p&gt;\n&lt;p&gt;A &quot;disabled veteran&quot; is one of the following: a veteran of the U.S. military, ground, naval or air service who is entitled to compensation (or who but for the receipt of military retired pay would be entitled to compensation) under laws administered by the Secretary of Veterans Affairs; or a person who was discharged or released from active duty because of a service-connected disability.&lt;/p&gt;\n&lt;p&gt;A &quot;recently separated veteran&quot; means any veteran during the three-year period beginning on the date of such veteran&#39;s discharge or release from active duty in the U.S. military, ground, naval, or air service.&lt;/p&gt;\n&lt;p&gt;An &quot;active duty wartime or campaign badge veteran&quot; means a veteran who served on active duty in the U.S. military, ground, naval or air service during a war, or in a campaign or expedition for which a campaign badge has been authorized under the laws administered by the Department of Defense.&lt;/p&gt;\n&lt;p&gt;An &quot;Armed forces service medal veteran&quot; means a veteran who, while serving on active duty in the U.S. military, ground, naval or air service, participated in a United States military operation for which an Armed Forces service medal was awarded pursuant to Executive Order 12985.&lt;/p&gt;\n""}, {""type"": ""eeoc"", ""questions"": [{""required"": false, ""label"": ""Race"", ""fields"": [{""name"": ""race"", ""type"": ""multi_value_single_select"", ""values"": [{""label"": ""Decline To Self Identify"", ""value"": ""8""}, {""label"": ""Two or More Races"", ""value"": ""7""}, {""label"": ""Native Hawaiian or Other Pacific Islander"", ""value"": ""6""}, {""label"": ""White"", ""value"": ""5""}, {""label"": ""Hispanic or Latino"", ""value"": ""4""}, {""label"": ""Black or African American"", ""value"": ""3""}, {""label"": ""Asian"", ""value"": ""2""}, {""label"": ""American Indian or Alaskan Native"", ""value"": ""1""}]}]}, {""required"": false, ""label"": ""Gender"", ""fields"": [{""name"": ""gender"", ""type"": ""multi_value_single_select"", ""values"": [{""label"": ""Decline To Self Identify"", ""value"": ""3""}, {""label"": ""Female"", ""value"": ""2""}, {""label"": ""Male"", ""value"": ""1""}]}]}], ""description"": ""&lt;h3&gt;&lt;strong&gt;Voluntary Self-Identification&lt;/strong&gt;&lt;/h3&gt;&lt;br/&gt;&lt;p&gt;For government reporting purposes, we ask candidates to respond to the below self-identification survey.\nCompletion of the form is entirely voluntary. Whatever your decision, it will not be considered in the hiring\nprocess or thereafter. Any information that you do provide will be recorded and maintained in a\nconfidential file.&lt;/p&gt;\n\n&lt;p&gt;As set forth in Storable\u2019s Equal Employment Opportunity policy,\nwe do not discriminate on the basis of any protected group status under any applicable law.&lt;/p&gt;\n""}], ""demographic_questions"": null, ""questions"": [{""description"": null, ""label"": ""First Name"", ""required"": true, ""fields"": [{""name"": ""first_name"", ""type"": ""input_text"", ""values"": []}]}, {""description"": null, ""label"": ""Last Name"", ""required"": true, ""fields"": [{""name"": ""last_name"", ""type"": ""input_text"", ""values"": []}]}, {""description"": null, ""label"": ""Preferred First Name"", ""required"": false, ""fields"": [{""name"": ""preferred_name"", ""type"": ""input_text"", ""values"": []}]}, {""description"": null, ""label"": ""Email"", ""required"": true, ""fields"": [{""name"": ""email"", ""type"": ""input_text"", ""values"": []}]}, {""description"": null, ""label"": ""Phone"", ""required"": true, ""fields"": [{""name"": ""phone"", ""type"": ""input_text"", ""values"": []}]}, {""description"": null, ""label"": ""Resume/CV"", ""required"": false, ""fields"": [{""name"": ""resume"", ""type"": ""input_file"", ""values"": []}, {""name"": ""resume_text"", ""type"": ""textarea"", ""values"": []}]}, {""description"": null, ""label"": ""Cover Letter"", ""required"": false, ""fields"": [{""name"": ""cover_letter"", ""type"": ""input_file"", ""values"": []}, {""name"": ""cover_letter_text"", ""type"": ""textarea"", ""values"": []}]}, {""description"": null, ""label"": ""Are you authorized to work in the United States?"", ""required"": true, ""fields"": [{""name"": ""question_15513183004"", ""type"": ""multi_value_single_select"", ""values"": [{""label"": ""Yes"", ""value"": 1}, {""label"": ""No"", ""value"": 0}]}]}, {""description"": null, ""label"": ""Will you now or ever in the future require sponsorship to work in the US?"", ""required"": true, ""fields"": [{""name"": ""question_15513184004"", ""type"": ""multi_value_single_select"", ""values"": [{""label"": ""Yes"", ""value"": 1}, {""label"": ""No"", ""value"": 0}]}]}, {""description"": null, ""label"": ""Do you currently reside in one of the following States? : AL, AZ, CA, CO, CT, FL, GA, ID, IL, IN, IA, KS, LA, MD, MA, MI, MN, MO, MS, NC, NE, NJ, NV, NY, OH, OK, OR, PA, SC, TN, TX, UT, VA, WA, WI, WY "", ""required"": true, ""fields"": [{""name"": ""question_15513185004"", ""type"": ""multi_value_single_select"", ""values"": [{""label"": ""Yes"", ""value"": 1}, {""label"": ""No"", ""value"": 0}]}]}, {""description"": ""<p>To avoid nepotism, we will not hire, promote or transfer family members or significant others into the same reporting-line, enterprise-wide.</p>\n<p><em>Family members are defined as: spouse, partner, significant other, mother, father, son, daughter, sister, brother, grandparent, aunt, uncle, nephew or niece and any step or in-law variations therein.</em></p>"", ""label"": ""Do you currently have any family members or relatives working at Storable?"", ""required"": true, ""fields"": [{""name"": ""question_15513186004"", ""type"": ""multi_value_single_select"", ""values"": [{""label"": ""Yes"", ""value"": 61206220004}, {""label"": ""No"", ""value"": 61206221004}, {""label"": ""Unsure"", ""value"": 61206222004}]}]}, {""description"": null, ""label"": ""Do you have 5+ years of hands-on experience building and maintaining data pipelines?"", ""required"": true, ""fields"": [{""name"": ""question_17800680004"", ""type"": ""multi_value_single_select"", ""values"": [{""label"": ""Yes"", ""value"": 1}, {""label"": ""No"", ""value"": 0}]}]}, {""description"": null, ""label"": ""Do you have production experience with Apache Airflow for workflow orchestration?"", ""required"": true, ""fields"": [{""name"": ""question_17800681004"", ""type"": ""multi_value_single_select"", ""values"": [{""label"": ""Yes"", ""value"": 1}, {""label"": ""No"", ""value"": 0}]}]}, {""description"": null, ""label"": ""Have you worked with distributed processing frameworks such as Apache Spark?"", ""required"": true, ""fields"": [{""name"": ""question_17800682004"", ""type"": ""multi_value_single_select"", ""values"": [{""label"": ""Yes"", ""value"": 1}, {""label"": ""No"", ""value"": 0}]}]}, {""description"": null, ""label"": ""Do you have hands-on experience with Trino or Presto for querying large datasets?"", ""required"": true, ""fields"": [{""name"": ""question_17800683004"", ""type"": ""multi_value_single_select"", ""values"": [{""label"": ""Yes"", ""value"": 1}, {""label"": ""No"", ""value"": 0}]}]}, {""description"": null, ""label"": ""Do you have strong experience with AWS data services (S3, Redshift, Glue, Athena, Lambda)?"", ""required"": true, ""fields"": [{""name"": ""question_15513189004"", ""type"": ""multi_value_single_select"", ""values"": [{""label"": ""Yes"", ""value"": 1}, {""label"": ""No"", ""value"": 0}]}]}, {""description"": null, ""label"": ""Please share any public professional profiles (LinkedIn, GitHub, personal website, portfolio). If none, please indicate \u201cN/A.\u201d"", ""required"": true, ""fields"": [{""name"": ""question_15513190004"", ""type"": ""input_text"", ""values"": []}]}, {""description"": ""<p>Please select a range.&nbsp;</p>"", ""label"": ""What are your total compensation expectations? "", ""required"": true, ""fields"": [{""name"": ""question_15513191004"", ""type"": ""input_text"", ""values"": []}]}], ""location_questions"": [{""description"": null, ""label"": ""Longitude"", ""required"": true, ""fields"": [{""name"": ""longitude"", ""type"": ""input_hidden"", ""values"": []}]}, {""description"": null, ""label"": ""Latitude"", ""required"": true, ""fields"": [{""name"": ""latitude"", ""type"": ""input_hidden"", ""values"": []}]}, {""description"": null, ""label"": ""Location"", ""required"": true, ""fields"": [{""name"": ""location"", ""type"": ""input_text"", ""values"": []}]}]}",
https://www.storable.com/about-us/culture/careers/?gh_jid=5804409004,Data Engineering Manager,,,United States,storable,greenhouse,2026-05-20T19:38:38.572890+00:00,,,2026-05-22T19:45:47.201728+00:00,app details not available,10,,,,,0,,,0,,,,,,,,,,,,,
https://www.storable.com/about-us/culture/careers/?gh_jid=5814651004,Sr. Data Engineer,,,United States,storable,greenhouse,2026-05-20T19:38:38.572890+00:00,"Sr. Data Engineer
At Storable, we're on a mission to power the future of storage. Our innovative platform helps businesses manage, track, and grow their self-storage operations, and we’re looking for a Sr. Data Engineer to join our data-driven team. Storable is committed to leveraging cutting-edge technologies to improve the efficiency, accessibility, and insights derived from data — empowering our teams to make smarter decisions and drive meaningful growth.
As a Sr. Data Engineer, you will play an important role in building and maintaining scalable data systems that support analytics, reporting, and product innovation. You will collaborate closely with senior engineers and cross-functional partners to ensure our data is reliable, accessible, and actionable across the organization.
Key Responsibilities:
* Build & Maintain Data Pipelines: Design, implement, and maintain scalable data pipelines using modern data tools to process and manage large datasets efficiently.
* ETL Development: Develop and optimize ETL/ELT pipelines to ingest, transform, and deliver data from multiple internal and external sources.
* Workflow Orchestration: Build and manage workflows using Apache Airflow to ensure reliable scheduling and monitoring of data processes.
* Query Engines & Processing Frameworks: Leverage tools such as Trino (Presto), Apache Spark, and related distributed processing technologies to support analytics and data applications.
* Data Modeling & Warehousing: Contribute to schema design and data modeling efforts to ensure clean, well-structured, and scalable data architecture.
* Data Quality & Governance Support: Implement monitoring, validation checks, and best practices to ensure data accuracy, consistency, and reliability.
* Optimize Data Infrastructure: Utilize AWS services (S3, Redshift, Glue, Athena, Lambda) and modern data technologies (e.g., Apache Iceberg) to support a scalable and efficient data platform.
* Cross-Functional Collaboration: Partner with engineering, product, analytics, and business teams to understand requirements and deliver high-quality data solutions.
* Monitor & Improve Performance: Proactively monitor pipelines and workflows, troubleshoot issues, and continuously improve performance and reliability.
Qualifications:
* 5+ years of experience building and maintaining data pipelines or working in data engineering or related roles.
* Hands-on experience with data tools such as Apache Airflow, Apache Spark, Apache Iceberg, Trino/Presto, and AWS services (S3, Redshift, Glue, Athena, Lambda).
* Proficiency in Python (or similar language) for data processing and pipeline development.
* Solid understanding of data warehousing concepts, schema design, and data modeling best practices.
* Experience deploying and supporting data pipelines in production environments.
* Strong analytical skills and ability to diagnose and resolve data-related issues.
* Ability to communicate effectively with both technical and non-technical stakeholders and work in cross-functional teams.
Bonus Points:
* Experience with visualization tools such as Looker or Tableau.
* Exposure to data governance, privacy, and quality frameworks.
* Familiarity with CI/CD practices and version control for data workflows.
All applicants must be currently authorized to work in the United States on a full-time basis.
*Storable is a fully distributed company, but is currently only registered for employment in certain states.* To be eligible for employment, you must reside in the following states:  AL, AZ, CA, CO, CT, FL, GA, ID, IL, IN, IA, KS, LA, MD, MA, MI, MN, MO, MS, NC, NE, NJ, NV, NY, OH, OK, OR, PA, SC, TN, TX, UT, VA, WA, WI, WY.
About Us:
At Storable, we’re redefining property management for specialty real estate. Tailored for the self-storage, marine, and RV & camping industries, we seamlessly integrate management software with marketplace listings, websites, CRM, insurance, payments and more. Dedicated to empowering owners and operators, Storable helps you win more every day. Explore our platform solutions at[www.storable.com](http://www.storable.com).
At the heart of Storable is our “Win More” culture, which reflects our commitment to delivering exceptional value to our customers and fostering the personal and professional growth of our employees. We strive to empower our team and our customers to achieve and win more than ever before.
Benefits and Perks:
* Generous health coverage for you and your family, including fully paid short- and long-term disability coverage and two-times base salary life insurance.
* 401(k) match after 60 days, 100% vested after 1 year.
* Employer contribution to your HSA, plus an HRA to help offset your deductible.
* Instant access to flexible vacation. We trust you, so we have a ‘take what you need’ vacation policy.
* Be More – company rewards and recognition that add up and can be redeemed for personalized gifts and experiences! Storriors have been able to enroll in SCUBA certification classes, travel overseas, and redo their back patio, among many other things.
* 8 hours of Volunteer Time Off each year and the opportunity to get active in the community by joining one of our offsite volunteer and community service events.
* 8 hours of Rest, Relax, Recharge time to care for your mental health.
* Access a range of mental well-being resources for yourself and your dependents, including counseling services, stress management programs, and mindfulness workshops
* Fully paid parental leave: 12 and 6 weeks for primary and secondary caregivers, respectively.
* ’Paw’ternity Leave and Pet Bereavement - we understand that pets are a part of the family and have generous time-off policies, which honor that commitment.
* Caregiver Leave: four weeks of fully paid time away from work to care for aging dependents or family members, if needed.
* $50 monthly home data stipend, plus a home office sign-on bonus of $250.
* Fertility care support options to help in your journey towards parenthood.
* Access to financial experts to help you make informed decisions and achieve your financial goals.
* Direct Student Loan Payment Program, some qualifications and eligibility rules apply.
Storable is committed to providing equal employment opportunity (EEO) to all persons regardless of age, color, national origin, citizenship status, physical or mental disability, race, religion, creed, gender, sex, sexual orientation, gender identity and/or expression, genetic information, marital status, status with regard to public assistance, veteran status, or any other characteristic protected by federal, state or local law. In addition, Storable will provide reasonable accommodations for qualified individuals with disabilities.
Important Notice: To protect yourself from fraudulent activities, please consider the following:
- Official Communication: All genuine communication from Storable will come from official email addresses, ending in “@storable.com.” Be cautious of any communication that doesn’t match this criteria.
- No Unsolicited Offers: We do not extend job offers without a formal interview process. If you receive an unsolicited job offer claiming to be from Storable or any of its representatives, it’s a red flag.
- Verification: If you’re uncertain about the legitimacy of any job offer or communication claiming to be from Storable, please contact our HR department directly at POps@storable.com for verification.
Your security and trust are paramount to us. If you suspect you’ve been contacted by someone falsely claiming to be from Storable or using our company's name for any dubious purpose, please immediately report the incident to POps@storable.com",https://www.storable.com/about-us/culture/careers/?gh_jid=5814651004,2026-05-22T19:45:47.201728+00:00,,10,,,,,0,,,0,,failed,"Page.goto: Timeout 60000ms exceeded.
Call log:
  - navigating to ""https://www.storable.com/about-us/",3.0,,2026-05-22T20:08:11.859726+00:00,79043.0,,,{},https://boards-api.greenhouse.io/v1/boards/storable/jobs/5814651004?questions=true,"{""absolute_url"": ""https://www.storable.com/about-us/culture/careers/?gh_jid=5814651004"", ""data_compliance"": [{""type"": ""gdpr"", ""requires_consent"": false, ""requires_processing_consent"": false, ""requires_retention_consent"": false, ""retention_period"": null, ""demographic_data_consent_applies"": false}], ""internal_job_id"": 5057498004, ""location"": {""name"": ""United States""}, ""metadata"": [{""id"": 4225971004, ""name"": ""Employment Type"", ""value"": ""Full-time"", ""value_type"": ""single_select""}, {""id"": 4251173004, ""name"": ""Seniority"", ""value"": null, ""value_type"": ""single_select""}], ""id"": 5814651004, ""updated_at"": ""2026-05-13T22:35:13-04:00"", ""requisition_id"": ""DATAENGBI26_NN_4"", ""title"": ""Sr. Data Engineer"", ""company_name"": ""Storable "", ""first_published"": ""2026-03-26T10:14:49-04:00"", ""language"": ""en"", ""application_deadline"": null, ""departments"": [{""id"": 4067744004, ""name"": ""Engineering"", ""child_ids"": [], ""parent_id"": null}], ""offices"": [{""id"": 4012074004, ""name"": ""USA"", ""location"": ""United States"", ""child_ids"": [4041160004, 4021279004, 4021280004, 4021295004, 4021281004, 4021285004, 4021283004, 4021287004, 4021288004, 4021289004, 4021290004, 4021291004, 4021292004, 4031441004, 4031442004, 4021293004, 4031443004, 4031444004, 4021294004, 4031445004, 4031446004, 4031447004, 4031448004, 4031449004, 4024532004, 4031450004, 4031451004, 4031452004, 4030067004, 4030064004, 4030065004, 4030066004, 4030068004, 4030069004], ""parent_id"": null}], ""compliance"": [{""type"": ""eeoc"", ""questions"": [], ""description"": ""&lt;p&gt;PUBLIC BURDEN STATEMENT: According to the Paperwork Reduction Act of 1995 no persons are required to respond to a collection of information unless such collection displays a valid OMB control number. This survey should take about 5 minutes to complete.&lt;/p&gt;\n""}, {""type"": ""eeoc"", ""questions"": [{""required"": false, ""label"": ""DisabilityStatus"", ""fields"": [{""name"": ""disability_status"", ""type"": ""multi_value_single_select"", ""values"": [{""label"": ""I do not want to answer"", ""value"": ""3""}, {""label"": ""No, I do not have a disability and have not had one in the past"", ""value"": ""2""}, {""label"": ""Yes, I have a disability, or have had one in the past"", ""value"": ""1""}]}]}], ""description"": ""&lt;h3&gt;&lt;strong&gt;Voluntary Self-Identification of Disability&lt;/strong&gt;&lt;/h3&gt;\n&lt;div style=&quot;display:flex; justify-content:space-between;&quot;&gt;\n  &lt;div&gt;\n    &lt;div&gt;Form CC-305&lt;/div&gt;\n    &lt;div&gt;Page 1 of 1&lt;/div&gt;\n  &lt;/div&gt;\n  &lt;div&gt;\n    &lt;div&gt;OMB Control Number 1250-0005&lt;/div&gt;\n    &lt;div&gt;Expires 04/30/2026&lt;/div&gt;\n  &lt;/div&gt;\n&lt;/div&gt;\n&lt;br&gt;\n&lt;strong&gt;Why are you being asked to complete this form?&lt;/strong&gt;\n&lt;p&gt;We are a federal contractor or subcontractor. The law requires us to provide equal employment opportunity to qualified people with disabilities. We have a goal of having at least 7% of our workers as people with disabilities. The law says we must measure our progress towards this goal. To do this, we must ask applicants and employees if they have a disability or have ever had one. People can become disabled, so we need to ask this question at least every five years.&lt;/p&gt;\n&lt;p&gt;Completing this form is voluntary, and we hope that you will choose to do so. Your answer is confidential. No one who makes hiring decisions will see it. Your decision to complete the form and your answer will not harm you in any way. If you want to learn more about the law or this form, visit the U.S. Department of Labor\u2019s Office of Federal Contract Compliance Programs (OFCCP) website at &lt;a href=&quot;https://www.dol.gov/ofccp&quot; target=&quot;_blank&quot;&gt;www.dol.gov/ofccp&lt;/a&gt;.&lt;/p&gt;\n&lt;strong&gt;How do you know if you have a disability?&lt;/strong&gt;\n&lt;p&gt;A disability is a condition that substantially limits one or more of your \u201cmajor life activities.\u201d If you have or have ever had such a condition, you are a person with a disability. &lt;strong&gt;Disabilities include, but are not limited to:&lt;/strong&gt;&lt;/p&gt;\n&lt;ul&gt;\n  &lt;li&gt;Alcohol or other substance use disorder (not currently using drugs illegally)&lt;/li&gt;\n  &lt;li&gt;Autoimmune disorder, for example, lupus, fibromyalgia, rheumatoid arthritis, HIV/AIDS&lt;/li&gt;\n  &lt;li&gt;Blind or low vision&lt;/li&gt;\n  &lt;li&gt;Cancer (past or present)&lt;/li&gt;\n  &lt;li&gt;Cardiovascular or heart disease&lt;/li&gt;\n  &lt;li&gt;Celiac disease&lt;/li&gt;\n  &lt;li&gt;Cerebral palsy&lt;/li&gt;\n  &lt;li&gt;Deaf or serious difficulty hearing&lt;/li&gt;\n  &lt;li&gt;Diabetes&lt;/li&gt;\n  &lt;li&gt;Disfigurement, for example, disfigurement caused by burns, wounds, accidents, or congenital disorders&lt;/li&gt;\n  &lt;li&gt;Epilepsy or other seizure disorder&lt;/li&gt;\n  &lt;li&gt;Gastrointestinal disorders, for example, Crohn&#39;s Disease, irritable bowel syndrome&lt;/li&gt;\n  &lt;li&gt;Intellectual or developmental disability&lt;/li&gt;\n  &lt;li&gt;Mental health conditions, for example, depression, bipolar disorder, anxiety disorder, schizophrenia, PTSD&lt;/li&gt;\n  &lt;li&gt;Missing limbs or partially missing limbs&lt;/li&gt;\n  &lt;li&gt;Mobility impairment, benefiting from the use of a wheelchair, scooter, walker, leg brace(s) and/or other supports&lt;/li&gt;\n  &lt;li&gt;Nervous system condition, for example, migraine headaches, Parkinson\u2019s disease, multiple sclerosis (MS)&lt;/li&gt;\n  &lt;li&gt;Neurodivergence, for example, attention-deficit/hyperactivity disorder (ADHD), autism spectrum disorder, dyslexia, dyspraxia, other learning disabilities&lt;/li&gt;\n  &lt;li&gt;Partial or complete paralysis (any cause)&lt;/li&gt;\n  &lt;li&gt;Pulmonary or respiratory conditions, for example, tuberculosis, asthma, emphysema&lt;/li&gt;\n  &lt;li&gt;Short stature (dwarfism)&lt;/li&gt;\n  &lt;li&gt;Traumatic brain injury&lt;/li&gt;\n&lt;/ul&gt;\n""}, {""type"": ""eeoc"", ""questions"": [{""required"": false, ""label"": ""VeteranStatus"", ""fields"": [{""name"": ""veteran_status"", ""type"": ""multi_value_single_select"", ""values"": [{""label"": ""I don't wish to answer"", ""value"": ""3""}, {""label"": ""I identify as one or more of the classifications of a protected veteran"", ""value"": ""2""}, {""label"": ""I am not a protected veteran"", ""value"": ""1""}]}]}], ""description"": ""&lt;p&gt;\n  If you believe you belong to any of the categories of protected veterans listed below, please indicate by making the appropriate selection.\n  As a government contractor subject to the Vietnam Era Veterans&#39; Readjustment Assistance Act (VEVRAA), we request this information in order to measure\n  the effectiveness of the outreach and positive recruitment efforts we undertake pursuant to VEVRAA. Classification of protected categories\n  is as follows:\n&lt;/p&gt;\n&lt;p&gt;A &quot;disabled veteran&quot; is one of the following: a veteran of the U.S. military, ground, naval or air service who is entitled to compensation (or who but for the receipt of military retired pay would be entitled to compensation) under laws administered by the Secretary of Veterans Affairs; or a person who was discharged or released from active duty because of a service-connected disability.&lt;/p&gt;\n&lt;p&gt;A &quot;recently separated veteran&quot; means any veteran during the three-year period beginning on the date of such veteran&#39;s discharge or release from active duty in the U.S. military, ground, naval, or air service.&lt;/p&gt;\n&lt;p&gt;An &quot;active duty wartime or campaign badge veteran&quot; means a veteran who served on active duty in the U.S. military, ground, naval or air service during a war, or in a campaign or expedition for which a campaign badge has been authorized under the laws administered by the Department of Defense.&lt;/p&gt;\n&lt;p&gt;An &quot;Armed forces service medal veteran&quot; means a veteran who, while serving on active duty in the U.S. military, ground, naval or air service, participated in a United States military operation for which an Armed Forces service medal was awarded pursuant to Executive Order 12985.&lt;/p&gt;\n""}, {""type"": ""eeoc"", ""questions"": [{""required"": false, ""label"": ""Race"", ""fields"": [{""name"": ""race"", ""type"": ""multi_value_single_select"", ""values"": [{""label"": ""Decline To Self Identify"", ""value"": ""8""}, {""label"": ""Two or More Races"", ""value"": ""7""}, {""label"": ""Native Hawaiian or Other Pacific Islander"", ""value"": ""6""}, {""label"": ""White"", ""value"": ""5""}, {""label"": ""Hispanic or Latino"", ""value"": ""4""}, {""label"": ""Black or African American"", ""value"": ""3""}, {""label"": ""Asian"", ""value"": ""2""}, {""label"": ""American Indian or Alaskan Native"", ""value"": ""1""}]}]}, {""required"": false, ""label"": ""Gender"", ""fields"": [{""name"": ""gender"", ""type"": ""multi_value_single_select"", ""values"": [{""label"": ""Decline To Self Identify"", ""value"": ""3""}, {""label"": ""Female"", ""value"": ""2""}, {""label"": ""Male"", ""value"": ""1""}]}]}], ""description"": ""&lt;h3&gt;&lt;strong&gt;Voluntary Self-Identification&lt;/strong&gt;&lt;/h3&gt;&lt;br/&gt;&lt;p&gt;For government reporting purposes, we ask candidates to respond to the below self-identification survey.\nCompletion of the form is entirely voluntary. Whatever your decision, it will not be considered in the hiring\nprocess or thereafter. Any information that you do provide will be recorded and maintained in a\nconfidential file.&lt;/p&gt;\n\n&lt;p&gt;As set forth in Storable\u2019s Equal Employment Opportunity policy,\nwe do not discriminate on the basis of any protected group status under any applicable law.&lt;/p&gt;\n""}], ""demographic_questions"": null, ""questions"": [{""description"": null, ""label"": ""First Name"", ""required"": true, ""fields"": [{""name"": ""first_name"", ""type"": ""input_text"", ""values"": []}]}, {""description"": null, ""label"": ""Last Name"", ""required"": true, ""fields"": [{""name"": ""last_name"", ""type"": ""input_text"", ""values"": []}]}, {""description"": null, ""label"": ""Preferred First Name"", ""required"": false, ""fields"": [{""name"": ""preferred_name"", ""type"": ""input_text"", ""values"": []}]}, {""description"": null, ""label"": ""Email"", ""required"": true, ""fields"": [{""name"": ""email"", ""type"": ""input_text"", ""values"": []}]}, {""description"": null, ""label"": ""Phone"", ""required"": true, ""fields"": [{""name"": ""phone"", ""type"": ""input_text"", ""values"": []}]}, {""description"": null, ""label"": ""Resume/CV"", ""required"": false, ""fields"": [{""name"": ""resume"", ""type"": ""input_file"", ""values"": []}, {""name"": ""resume_text"", ""type"": ""textarea"", ""values"": []}]}, {""description"": null, ""label"": ""Cover Letter"", ""required"": false, ""fields"": [{""name"": ""cover_letter"", ""type"": ""input_file"", ""values"": []}, {""name"": ""cover_letter_text"", ""type"": ""textarea"", ""values"": []}]}, {""description"": null, ""label"": ""Are you authorized to work in the United States?"", ""required"": true, ""fields"": [{""name"": ""question_15513729004"", ""type"": ""multi_value_single_select"", ""values"": [{""label"": ""Yes"", ""value"": 1}, {""label"": ""No"", ""value"": 0}]}]}, {""description"": null, ""label"": ""Will you now or ever in the future require sponsorship to work in the US?"", ""required"": true, ""fields"": [{""name"": ""question_15513730004"", ""type"": ""multi_value_single_select"", ""values"": [{""label"": ""Yes"", ""value"": 1}, {""label"": ""No"", ""value"": 0}]}]}, {""description"": null, ""label"": ""Do you currently reside in one of the following States? : AL, AZ, CA, CO, CT, FL, GA, ID, IL, IN, IA, KS, LA, MD, MA, MI, MN, MO, MS, NC, NE, NJ, NV, NY, OH, OK, OR, PA, SC, TN, TX, UT, VA, WA, WI, WY "", ""required"": true, ""fields"": [{""name"": ""question_15513731004"", ""type"": ""multi_value_single_select"", ""values"": [{""label"": ""Yes"", ""value"": 1}, {""label"": ""No"", ""value"": 0}]}]}, {""description"": ""<p>To avoid nepotism, we will not hire, promote or transfer family members or significant others into the same reporting-line, enterprise-wide.</p>\n<p><em>Family members are defined as: spouse, partner, significant other, mother, father, son, daughter, sister, brother, grandparent, aunt, uncle, nephew or niece and any step or in-law variations therein.</em></p>"", ""label"": ""Do you currently have any family members or relatives working at Storable?"", ""required"": true, ""fields"": [{""name"": ""question_15513732004"", ""type"": ""multi_value_single_select"", ""values"": [{""label"": ""Yes"", ""value"": 61207622004}, {""label"": ""No"", ""value"": 61207623004}, {""label"": ""Unsure"", ""value"": 61207624004}]}]}, {""description"": null, ""label"": ""Do you have at least 4 years of data engineering or data infrastructure experience?"", ""required"": true, ""fields"": [{""name"": ""question_15513733004"", ""type"": ""multi_value_single_select"", ""values"": [{""label"": ""Yes"", ""value"": 1}, {""label"": ""No"", ""value"": 0}]}]}, {""description"": null, ""label"": ""Do you have at least 2 years of hands-on experience with Trino/Presto and Apache Spark for distributed data processing?\n"", ""required"": true, ""fields"": [{""name"": ""question_15513734004"", ""type"": ""multi_value_single_select"", ""values"": [{""label"": ""Yes"", ""value"": 1}, {""label"": ""No"", ""value"": 0}]}]}, {""description"": null, ""label"": ""Do you have experience with AWS data services such as S3, Redshift, Glue, or Athena?"", ""required"": true, ""fields"": [{""name"": ""question_15513735004"", ""type"": ""multi_value_single_select"", ""values"": [{""label"": ""Yes"", ""value"": 1}, {""label"": ""No"", ""value"": 0}]}]}, {""description"": null, ""label"": ""Please share any public professional profiles (LinkedIn, GitHub, personal website, portfolio). If none, please indicate \u201cN/A.\u201d"", ""required"": true, ""fields"": [{""name"": ""question_15513736004"", ""type"": ""input_text"", ""values"": []}]}, {""description"": ""<p>Please select a range.&nbsp;</p>"", ""label"": ""What are your compensation expectations? "", ""required"": true, ""fields"": [{""name"": ""question_15513737004"", ""type"": ""input_text"", ""values"": []}]}], ""location_questions"": [{""description"": null, ""label"": ""Longitude"", ""required"": true, ""fields"": [{""name"": ""longitude"", ""type"": ""input_hidden"", ""values"": []}]}, {""description"": null, ""label"": ""Latitude"", ""required"": true, ""fields"": [{""name"": ""latitude"", ""type"": ""input_hidden"", ""values"": []}]}, {""description"": null, ""label"": ""Location"", ""required"": true, ""fields"": [{""name"": ""location"", ""type"": ""input_text"", ""values"": []}]}]}",
https://job-boards.greenhouse.io/thesciongroupllc/jobs/8454367002,Data Engineer,,,"Chicago, Illinois, United States",thesciongroupllc,greenhouse,2026-05-20T19:38:38.572890+00:00,,,,,10,,,,,0,,,0,,,,,,,,,,,,,
https://job-boards.greenhouse.io/tmc/jobs/8552907002,Contract Data Engineer,,,Remote,tmc,greenhouse,2026-05-20T19:38:38.572890+00:00,,,,,10,,,,,0,,,0,,,,,,,,,,,,,
https://job-boards.greenhouse.io/trumid/jobs/7661955003,Data Engineer — Real-Time ML/Pricing Platform,,,Remote,trumid,greenhouse,2026-05-20T19:38:38.572890+00:00,,,,,10,,,,,0,,,0,,,,,,,,,,,,,
https://unity.com/careers/positions/7776611?gh_jid=7776611,Staff Data Engineer- Ads reporting ,,,"San Francisco, CA, USA",unity3d,greenhouse,2026-05-20T19:38:38.572890+00:00,,,,,10,,,,,0,,,0,,,,,,,,,,,,,
https://www.zoominfo.com/careers?gh_jid=8498600002,Forward Deployed Data Engineer,,,Remote,zoominfo,greenhouse,2026-05-20T19:38:38.572890+00:00,,,,,10,,,,,0,,,0,,,,,,,,,,,,,
